#Key,Label,JLabel,Path,DiscoveryFlag,Marker,Scale,CategoryNameUI,NameUI,FloorNameUI,TerritoryType,OffsetX,OffsetY,DiscoveryIndex,ShowCondition,PriorityCategoryUI,PriorityUI,MapType,BoosterCategory,PriorityFloorUI,IsUint16Discovery,IsEvent,IsDiscoveryOverlapAllowed,OpenAllDiscovery,IsUseExclusive
#キー,ラベル,日本語ラベル,画像Path,ディスカバリーフラグ,マーカー,スケール(%),カテゴリ名,マップ名,フロア名,テリトリタイプ,オフセットX(m),オフセットY(m),ディスカバリーIndex,マップ開放条件,UIカテゴリ優先度,ＵＩ優先度,マップタイプ,ブースターカテゴリー,UI階層優先度,Uint16ディスカバリー,イベントマップ,ディスカバリーフラグの重複を許可,ディスカバリー全開示,排他設定使用
#Key,keyAlias,keyDevcode,string,u_int,"lookup(MapMarker, key) | u_int16",u_int16,"lookup(PlaceName, key) | u_int16","lookup(PlaceName, key) | u_int16","lookup(PlaceName, key) | u_int16","lookup(TerritoryType, key) | u_int16",int16,int16,int16,"lookup(MapCondition, key) | u_int8",u_int8,u_int8,"lookup(MapType, key) | u_int8","lookup(BoosterCategory, key) | u_int8",int8,boolean,boolean,boolean,boolean,boolean
0,,,,0,0,100,0,0,0,0,0,0,-1,0,0,0,0,0,0,1,0,0,0,0
1,MAP_DEFOULT,白地図,default/00,0,0,100,2405,21,0,1,0,0,-1,0,0,0,1,0,0,1,0,0,0,0
2,MAP_FOREST_CITY_01,森の都市1の地図,f1t1/00,0,3,200,23,52,0,132,0,0,-1,0,2,2,1,0,0,1,0,0,0,0
3,MAP_FOREST_CITY_02,森の都市2の地図,f1t2/00,0,4,200,23,53,0,133,0,0,-1,0,2,3,1,0,0,1,0,0,0,0
4,MAP_FOREST_FIELD_01,森のフィールド1の地図,f1f1/00,16382,5,100,23,54,0,148,0,0,0,0,2,5,1,2,0,1,0,0,1,0
5,MAP_FOREST_FIELD_02,森のフィールド2の地図,f1f2/00,1048574,6,100,23,55,0,152,0,0,0,0,2,6,1,2,0,0,0,0,1,0
6,MAP_FOREST_FIELD_03,森のフィールド3の地図,f1f3/00,131070,7,100,23,56,0,153,0,0,1,0,2,7,1,2,0,0,0,0,1,0
7,MAP_FOREST_FIELD_04,森のフィールド4の地図,f1f4/00,131070,8,100,23,57,0,154,0,0,2,0,2,8,1,2,0,0,0,0,1,0
8,MAP_FOREST_DUNGEON_01,森のダンジョン1の地図,f1d1/00,4094,10,300,23,58,0,1037,0,0,1,0,2,9,1,0,0,1,0,0,0,0
9,MAP_FOREST_RAID_01,森のレイド1の地図,f1r1/00,16382,21,200,23,61,0,1039,0,0,2,0,2,10,1,0,0,1,0,0,0,0
10,,季節イベント用監獄の地図,default/00,0,0,100,2405,153,0,728,0,0,-1,0,0,0,1,0,0,1,1,0,0,0
11,MAP_SEA_CITY_01,海の都市1の地図,s1t1/01,0,71,200,22,28,0,128,0,0,-1,0,1,2,1,0,0,1,0,0,0,0
12,MAP_SEA_CITY_02,海の都市2の地図,s1t2/01,0,72,200,22,29,0,129,0,0,-1,0,1,3,1,0,0,1,0,0,0,0
13,MAP_WILD_CITY_01,荒野の都市1の地図,w1t1/01,0,59,200,24,40,0,130,0,0,-1,0,3,2,1,0,0,1,0,0,0,0
14,MAP_WILD_CITY_02,荒野の都市2の地図,w1t2/01,0,60,200,24,41,373,131,0,0,-1,0,3,3,1,0,1,1,0,0,0,0
15,MAP_SEA_FIELD_01,海のフィールド1の地図,s1f1/00,254,74,100,22,30,0,134,0,0,3,0,1,6,1,2,0,1,0,0,1,0
16,MAP_SEA_FIELD_02,海のフィールド2の地図,s1f2/00,2046,75,100,22,31,0,135,0,0,4,0,1,7,1,2,0,1,0,0,1,0
17,MAP_SEA_FIELD_03,海のフィールド3の地図,s1f3/01,32766,76,100,22,32,0,137,0,0,5,0,1,8,1,2,0,1,0,0,1,0
18,MAP_SEA_FIELD_04,海のフィールド4の地図,s1f4/00,1048574,77,100,22,33,0,138,0,0,3,0,1,9,1,2,0,0,0,0,1,0
19,MAP_SEA_FIELD_05,海のフィールド5の地図,s1f5/00,510,78,100,22,34,0,139,0,0,6,0,1,10,1,2,0,1,0,0,1,0
20,MAP_WILD_FIELD_01,荒野のフィールド1の地図,w1f1/00,8190,40,100,24,42,0,140,0,0,7,0,3,6,1,2,0,1,0,0,1,0
21,MAP_WILD_FIELD_02,荒野のフィールド2の地図,w1f2/00,16382,39,100,24,43,0,141,0,0,8,0,3,7,1,2,0,1,0,0,1,0
22,MAP_WILD_FIELD_03,荒野のフィールド3の地図,w1f3/00,262142,41,100,24,44,0,145,0,0,4,0,3,8,1,2,0,0,0,0,1,0
23,MAP_WILD_FIELD_04,荒野のフィールド4の地図,w1f4/01,1048574,42,100,24,45,0,146,0,0,5,0,3,9,1,2,0,0,0,0,1,0
24,MAP_WILD_FIELD_05,荒野のフィールド5の地図,w1f5/00,510,43,100,24,46,0,147,0,0,9,0,3,10,1,2,0,1,0,0,1,0
25,MAP_LAKE_FIELD_01,湖のフィールド1の地図,l1f1/01,131070,108,100,26,67,0,156,0,0,6,0,5,2,1,2,0,0,0,0,1,0
26,MAP_SEA_HOTEL_01,リムサロミンサ宿屋の地図,s1ti/00,0,68,800,22,733,0,177,0,0,-1,0,0,0,1,0,0,1,0,0,0,0
27,MAP_WILD_HOTEL_01,ウルダハ宿屋の地図,w1ti/00,0,70,800,24,617,0,178,0,0,-1,0,0,0,1,0,0,1,0,0,0,0
28,MAP_FOREST_HOTEL_01,グリダニア宿屋の地図,f1ti/00,0,69,800,23,548,0,179,0,0,-1,0,0,0,1,0,0,1,0,0,0,0
29,MAP_FOREST_OLD_01,過去の黒衣森の地図,default/00,0,0,200,0,0,0,22,0,0,-1,0,0,0,1,0,0,1,0,0,0,0
30,MAP_SEA_FIELD_06,海のフィールド6の地図,s1f6/00,510,79,100,22,350,0,180,0,0,10,0,1,11,1,2,0,1,0,0,1,0
31,MAP_SEA_DUNGEON_01,海のダンジョン1の地図,s1d1/00,4094,80,200,22,35,0,1036,0,0,11,0,1,12,1,0,0,1,0,0,0,0
32,MAP_SEA_DUNGEON_03,海のダンジョン3の地図,s1d3/00,1022,82,200,22,37,0,159,0,0,12,0,1,14,1,0,0,1,0,0,0,0
33,MAP_SEA_TITAN_01,タイタンステージ1の地図,s1fa/00,0,0,400,22,359,0,1046,0,0,-1,0,0,0,1,0,0,1,0,0,0,0
34,MAP_WILD_DUNGEON_01,荒野ダンジョン1の地図,w1d1/01,6,44,200,24,48,849,1038,0,0,13,0,3,11,1,0,1,1,0,0,0,0
35,MAP_WILD_IFRIT_01,イフリートステージ1の地図,w1fa/00,0,0,400,24,357,0,1045,0,0,-1,0,0,0,1,0,0,1,0,0,0,0
36,MAP_FOREST_MOOGLE_01,モーグリステージ1の地図,f1fa/00,0,0,400,23,360,0,207,0,0,-1,0,0,0,1,0,0,1,0,0,0,0
37,MAP_ROCK_DUNGEON_01,山のダンジョン1の地図,r1d1/00,1022,103,200,25,401,0,1042,0,0,14,0,4,7,1,0,0,1,0,0,0,0
38,MAP_ROCK_RAID_02,山のレイド2の地図,r1r2/00,2046,106,200,25,65,0,172,0,0,15,0,4,9,1,0,0,1,0,0,0,0
39,MAP_ROCK_GARUDA_01,ガルーダステージ1の地図,r1fa/01,0,0,400,25,361,0,1047,0,0,-1,0,0,0,1,0,1,1,0,0,0,0
40,MAP_WILD_DUNGEON_01_B1,荒野ダンジョン1のB1の地図,w1d1/02,16632,45,200,24,48,850,1038,0,0,13,0,3,11,1,0,2,1,0,0,0,0
41,MAP_WILD_DUNGEON_01_B2,荒野ダンジョン1のB2の地図,w1d1/03,16128,46,200,24,48,372,1038,0,0,13,0,3,11,1,0,3,1,0,0,0,0
42,MAP_WILD_DUNGEON_03_1F,荒野ダンジョン3の1Fの地図,w1d3/01,2,48,200,24,50,854,163,0,0,7,0,3,13,1,0,1,0,0,0,0,0
43,MAP_WILD_DUNGEON_03_B1,荒野ダンジョン3のB1Fの地図,w1d3/02,131068,49,200,24,50,855,163,0,0,7,0,3,13,1,0,2,0,0,0,0,0
44,MAP_WILD_DUNGEON_03_B2,荒野ダンジョン3のB2Fの地図,w1d3/03,917504,50,200,24,50,856,163,0,0,7,0,3,13,1,0,3,0,0,0,0,0
45,MAP_SEA_DUNGEON_02,海のダンジョン2の地図,s1d2/00,65534,81,200,22,36,0,1041,0,0,16,0,1,13,1,0,0,1,0,0,0,0
46,MAP_WILD_DUNGEON_02,荒野のダンジョン2の地図,w1d2/00,1022,47,200,24,49,0,162,0,0,17,0,3,12,1,0,0,1,0,0,0,0
47,MAP_WILD_DUNGEON_04,荒野のダンジョン4の地図,w1d4/00,65534,516,200,24,260,0,1043,0,0,18,0,0,0,1,0,0,1,0,0,0,0
48,MAP_FOREST_DUNGEON_02,森のダンジョン2の地図,f1d2/01,510,12,200,23,59,599,1040,0,0,8,0,2,11,1,0,2,0,0,0,0,0
49,MAP_FOREST_DUNGEON_03,森のダンジョン3の地図,f1d3/01,14,14,200,23,128,873,167,0,0,19,0,2,12,1,0,1,1,0,0,0,0
50,MAP_ROCK_RAID_01,山のレイド1の地図,r1r1/01,62,104,200,25,64,922,171,0,0,25,0,4,8,1,0,1,1,0,0,0,0
51,MAP_SEA_COLOSSEUM_01,水上コロセウム前広場の地図,s1p1/00,0,83,400,22,358,0,250,-77,0,-1,0,1,5,1,0,0,1,0,0,0,0
52,MAP_WILD_RAID_01,荒野のレイド1の地図,w1r1/01,158,63,200,24,47,838,170,0,0,20,0,3,14,1,0,1,1,0,0,0,0
53,MAP_ROCK_FIELD_01,山のフィールド1の地図,r1f1/00,8388606,102,100,25,63,0,155,0,0,9,0,4,5,1,2,0,0,0,0,1,0
54,MAP_FOREST_DUNGEON_02_2F,森のダンジョン2の2Fの地図,f1d2/02,1966080,11,200,23,59,600,1040,0,0,8,0,2,11,1,0,1,0,0,0,0,0
55,MAP_FOREST_DUNGEON_02_B1,森のダンジョン2のB1Fの地図,f1d2/03,130560,13,200,23,59,601,1040,0,0,8,0,2,11,1,0,3,0,0,0,0,0
56,MAP_WILD_DUNGEON_05,荒野のダンジョン5の地図,w1d5/01,2,517,200,24,440,441,1044,0,0,26,0,0,0,1,0,1,1,0,0,0,0
57,,バハムート01海01の地図,s1b1/00,254,87,200,22,464,0,241,0,0,21,0,0,0,1,0,0,1,0,0,0,0
58,,バハムート01海02の地図,s1b2/00,6,88,200,22,465,0,242,0,0,22,0,0,0,1,0,0,1,0,0,0,0
59,,バハムート01海04の地図,s1b4/00,0,92,200,22,467,0,244,0,0,-1,0,0,0,1,0,0,1,0,0,0,0
60,,バハムート01海05の地図,s1b5/00,14,93,200,22,468,0,245,0,0,23,0,0,0,1,0,0,1,0,0,0,0
61,,バハムート01海07の地図,default/00,0,94,100,22,469,0,247,0,0,-1,0,0,0,1,0,0,1,0,0,0,0
62,,バハムート01海03の地図01,s1b3/01,2,89,200,22,466,924,243,0,0,24,0,0,0,1,0,1,1,0,0,0,0
63,,バハムート01海03の地図02,s1b3/02,4,90,200,22,466,925,243,0,0,24,0,0,0,1,0,2,1,0,0,0,0
64,,バハムート01海03の地図03,s1b3/03,8,91,200,22,466,926,243,0,0,24,0,0,0,1,0,3,1,0,0,0,0
65,,バハムート02森03の地図01,f1b3/01,2,25,200,23,1303,1315,357,0,0,36,0,0,0,1,0,3,1,0,0,0,0
66,,バハムート02森03の地図02,f1b3/02,52,26,200,23,1303,1314,357,0,0,36,0,0,0,1,0,2,1,0,0,0,0
67,,バハムート02森03の地図03,f1b3/03,8,27,200,23,1303,1313,357,0,0,36,0,0,0,1,0,1,1,0,0,0,0
68,MAP_FOREST_EVENT_01,グリダニア長部屋の地図,f1e4/00,0,29,800,23,346,0,204,0,0,-1,0,0,0,1,0,0,1,1,0,0,0
69,MAP_FOREST_EVENT_02,グリダニア会議の間の地図,f1e5/00,0,30,400,23,347,0,205,0,0,-1,0,0,0,1,0,0,1,1,0,0,0
70,MAP_WILD_CITY_03,荒野の都市3の地図,w1t1/02,0,61,200,24,40,654,130,0,0,-1,0,3,2,1,0,0,1,0,0,0,0
71,,湖のレイド1の地図,l1r1/01,16382,110,200,26,478,479,174,0,0,30,0,5,4,1,0,1,1,0,0,0,0
72,MAP_SEA_HOUSING_01,海ハウジングの地図,s1h1/01,0,86,200,22,425,1161,339,0,0,-1,0,1,4,1,0,1,1,0,0,0,0
73,MAP_WILD_CITY_04,荒野の都市4の地図,w1t2/02,0,62,200,24,41,698,131,0,0,-1,0,3,3,1,0,2,1,0,0,0,0
74,MAP_SEA_CITY_03,海の都市3の地図,s1t1/02,0,73,200,22,28,725,128,0,0,-1,0,1,2,1,0,0,1,0,0,0,0
75,,リムサロミンサ長部屋の地図,s1e4/00,0,31,800,22,351,0,198,0,0,-1,0,0,0,1,0,0,1,1,0,0,0
76,,,,0,0,100,0,0,0,0,0,0,-1,0,0,0,0,0,0,1,0,0,0,0
77,,,,0,0,100,0,0,0,0,0,0,-1,0,0,0,0,0,0,1,0,0,0,0
78,,ウルダハ銀冑団の部屋の地図,w1e4/00,0,34,400,24,354,0,210,0,0,-1,0,0,0,1,0,0,1,1,0,0,0
79,,,,0,0,100,0,0,0,0,0,0,-1,0,0,0,0,0,0,1,0,0,0,0
80,MAP_W1E6_A,ウルダハ砂の家の地図,w1e6/00,0,36,400,24,356,0,212,0,0,-1,0,0,0,1,0,0,1,1,0,0,0
81,,水上コロセウム戦場の地図,s1p2/00,0,84,400,22,154,0,175,0,0,-1,0,0,0,1,0,0,1,0,0,0,0
82,MAP_FOREST_HOUSING_01,森ハウジングの地図,f1h1/01,0,66,200,23,426,1165,340,0,0,-1,0,2,4,1,0,1,1,0,0,0,0
83,MAP_WILD_HOUSING_01,荒野ハウジングの地図,w1h1/01,0,67,200,24,427,1163,341,0,0,-1,0,3,4,1,0,1,1,0,0,0,0
84,MAP_FOREST_DUNGEON_03_2F,森のダンジョン3の2Fの地図,f1d3/02,240,15,200,23,128,874,167,0,0,19,0,2,12,1,0,2,1,0,0,0,0
85,MAP_FOREST_DUNGEON_03_3F,森のダンジョン3の3Fの地図,f1d3/03,3840,16,200,23,128,875,167,0,0,19,0,2,12,1,0,3,1,0,0,0,0
86,MAP_ROCK_RAID_01_AFTER,山のレイド1の後半の地図,r1r1/02,8128,105,200,25,64,923,171,0,0,25,0,4,8,1,0,2,1,0,0,0,0
87,MAP_SEA_RESION_01,海リージョンの地図,region/00,0,131,100,22,22,0,0,0,0,-1,0,1,1,3,0,0,1,0,0,0,0
88,MAP_WILD_RESION_01,荒野リージョンの地図,region/02,0,132,100,24,24,0,0,0,0,-1,0,3,1,3,0,0,1,0,0,0,0
89,MAP_FOREST_RESION_01,森リージョンの地図,region/01,0,133,100,23,23,0,0,0,0,-1,0,2,1,3,0,0,1,0,0,0,0
90,MAP_ROCK_RESION_01,山リージョンの地図,region/03,0,134,100,25,25,0,0,0,0,-1,0,4,1,3,0,0,1,0,0,0,0
91,MAP_LAKE_RESION_01,湖リージョンの地図,region/04,0,135,100,26,26,0,0,0,0,-1,0,5,1,3,0,0,1,0,0,0,0
92,MAP_WORLD_EORZEA,エオルゼアの地図,world/00,0,136,100,21,21,0,0,0,0,-1,0,10,1,2,0,0,1,0,0,0,1
93,,荒野のフィールド4の地下の地図,w1f4/02,0,291,100,24,45,255,146,0,0,-1,0,0,0,1,0,0,1,1,0,0,0
94,MAP_W1E6_B,ウルダハ砂の家の地図B,w1e6/00,0,37,400,24,356,0,212,0,0,-1,0,0,0,1,0,0,1,1,0,0,0
95,,大海イベント2の地図,o1e2/00,0,85,400,22,462,0,0,0,0,-1,0,0,0,1,0,0,1,0,0,0,0
96,,荒野のレイド1の中盤の地図,w1r1/02,96,64,200,24,47,839,170,0,0,20,0,3,14,1,0,2,1,0,0,0,0
97,,荒野のレイド1の終盤の地図,w1r1/03,1792,65,200,24,47,840,170,0,0,20,0,3,14,1,0,3,1,0,0,0,0
98,,ガルーダイベントの地図,r1fa/02,0,293,400,25,459,0,331,0,0,-1,0,0,0,1,0,2,1,1,0,0,0
99,,荒野のダンジョン5の4F地図,w1d5/02,28,518,200,24,440,442,1044,0,0,26,0,0,0,1,0,2,1,0,0,0,0
100,,荒野のダンジョン5の3F地図,w1d5/03,96,519,200,24,440,443,1044,0,0,26,0,0,0,1,0,3,1,0,0,0,0
101,,荒野のダンジョン5の2F地図,w1d5/04,896,520,200,24,440,444,1044,0,0,26,0,0,0,1,0,4,1,0,0,0,0
102,,荒野のダンジョン5の1F地図,w1d5/05,0,57,200,24,440,445,1044,0,0,-1,0,0,0,1,0,0,1,0,0,0,0
103,,荒野のダンジョン5のB1F地図,w1d5/06,63488,521,100,24,440,446,1044,0,0,26,0,0,0,1,0,5,1,1,0,0,0
104,,荒野のダンジョン5のエレベータの地図,w1d5/07,1024,0,100,24,440,453,1044,0,0,26,0,0,0,1,0,6,1,0,0,0,0
105,,湖のフィールド1のイベント部屋の地図,l1f1/02,0,0,400,26,67,19,156,0,0,-1,0,0,0,1,0,0,1,1,0,0,0
106,,バハムート01海07イベント2の地図,default/00,0,0,100,2405,152,0,338,0,0,-1,0,0,0,1,0,0,1,0,0,0,0
107,MAP_W1E6_C,ウルダハ砂の家の地図C,w1e6/00,0,38,400,24,356,0,212,0,0,-1,0,0,0,1,0,0,1,1,0,0,0
108,MAP_SEA_DUNGEON_04,海のダンジョン4の地図,s1d4/01,6,95,200,22,230,940,160,0,0,27,0,1,15,1,0,1,1,0,0,0,0
109,,海ハウジング室内S1の地図,s1i1/01,0,0,400,22,1100,1147,282,0,0,-1,0,0,0,1,0,1,1,0,0,0,0
110,,海ハウジング室内M1の地図階層1,s1i2/01,0,0,400,22,1101,1109,283,0,0,-1,0,0,0,1,0,2,1,0,0,0,0
111,,海ハウジング室内M1の地図階層2,s1i2/02,0,0,400,22,1101,1110,283,0,0,-1,0,0,0,1,0,1,1,0,0,0,0
112,,海ハウジング室内M1の地図階層3,s1i2/03,0,0,400,22,1101,1111,283,0,0,-1,0,0,0,1,0,3,1,0,0,0,0
113,,海ハウジング室内L1の地図階層1,s1i3/01,0,0,400,22,1102,1112,284,0,0,-1,0,0,0,1,0,2,1,0,0,0,0
114,,海ハウジング室内L1の地図階層2,s1i3/02,0,0,400,22,1102,1113,284,0,0,-1,0,0,0,1,0,1,1,0,0,0,0
115,,海ハウジング室内L1の地図階層3,s1i3/03,0,0,400,22,1102,1114,284,0,0,-1,0,0,0,1,0,3,1,0,0,0,0
116,,森ハウジング室内S1の地図,f1i1/01,0,0,400,23,1106,1147,342,0,0,-1,0,0,0,1,0,1,1,0,0,0,0
117,,森ハウジング室内M1の地図階層1,f1i2/01,0,0,400,23,1107,1109,343,0,0,-1,0,0,0,1,0,2,1,0,0,0,0
118,,森ハウジング室内M1の地図階層2,f1i2/02,0,0,400,23,1107,1110,343,0,0,-1,0,0,0,1,0,1,1,0,0,0,0
119,,森ハウジング室内M1の地図階層3,f1i2/03,0,0,400,23,1107,1111,343,0,0,-1,0,0,0,1,0,3,1,0,0,0,0
120,,森ハウジング室内L1の地図階層1,f1i3/01,0,0,400,23,1108,1112,344,0,0,-1,0,0,0,1,0,2,1,0,0,0,0
121,,森ハウジング室内L1の地図階層2,f1i3/02,0,0,400,23,1108,1113,344,0,0,-1,0,0,0,1,0,1,1,0,0,0,0
122,,森ハウジング室内L1の地図階層3,f1i3/03,0,0,400,23,1108,1114,344,0,0,-1,0,0,0,1,0,3,1,0,0,0,0
123,,荒野ハウジング室内S1の地図,w1i1/01,0,0,400,24,1103,1147,345,0,0,-1,0,0,0,1,0,1,1,0,0,0,0
124,,荒野ハウジング室内M1の地図階層1,w1i2/01,0,0,400,24,1104,1109,346,0,0,-1,0,0,0,1,0,2,1,0,0,0,0
125,,荒野ハウジング室内M1の地図階層2,w1i2/02,0,0,400,24,1104,1110,346,0,0,-1,0,0,0,1,0,1,1,0,0,0,0
126,,荒野ハウジング室内M1の地図階層3,w1i2/03,0,0,400,24,1104,1111,346,0,0,-1,0,0,0,1,0,3,1,0,0,0,0
127,,荒野ハウジング室内L1の地図階層1,w1i3/01,0,0,400,24,1105,1112,347,0,0,-1,0,0,0,1,0,2,1,0,0,0,0
128,,荒野ハウジング室内L1の地図階層2,w1i3/02,0,0,400,24,1105,1113,347,0,0,-1,0,0,0,1,0,1,1,0,0,0,0
129,,荒野ハウジング室内L1の地図階層3,w1i3/03,0,0,400,24,1105,1114,347,0,0,-1,0,0,0,1,0,3,1,0,0,0,0
130,MAP_SEA_DUNGEON_04_1F,海のダンジョン4の1F地図,s1d4/02,248,96,200,22,230,939,160,0,0,27,0,1,15,1,0,2,1,0,0,0,0
131,MAP_SEA_DUNGEON_04_2F,海のダンジョン4の2F地図,s1d4/03,768,97,200,22,230,938,160,0,0,27,0,1,15,1,0,3,1,0,0,0,0
132,MAP_SEA_DUNGEON_04_3F,海のダンジョン4の3F地図,s1d4/04,1024,98,200,22,230,937,160,0,0,27,0,1,15,1,0,4,1,0,0,0,0
133,MAP_SEA_DUNGEON_04_4F,海のダンジョン4の4F地図,s1d4/05,2048,99,200,22,230,936,160,0,0,27,0,1,15,1,0,5,1,0,0,0,0
134,MAP_SEA_DUNGEON_04_5F,海のダンジョン4の5F地図,s1d4/06,4096,100,200,22,230,935,160,0,0,27,0,1,15,1,0,6,1,0,0,0,0
135,,湖のレイド1の地図階層2,l1r1/02,49152,111,200,26,478,480,174,0,0,30,0,5,4,1,0,2,1,0,0,0,0
136,,モードゥナ石の家の地図,l1e1/01,0,109,400,26,481,0,351,0,0,-1,0,0,0,1,0,0,1,1,0,0,0
137,MAP_FOREST_DUNGEON_04_1F,森のダンジョン4の地図,f1d4/01,1922,18,200,23,484,599,350,0,0,28,0,2,13,1,0,2,1,0,0,0,0
138,MAP_FOREST_DUNGEON_04_2F,森のダンジョン4の2Fの地図,f1d4/02,124,17,200,23,484,600,350,0,0,28,0,2,13,1,0,1,1,0,0,0,0
139,MAP_FOREST_DUNGEON_04_B1,森のダンジョン4のB1Fの地図,f1d4/03,63488,19,200,23,484,601,350,0,0,28,0,2,13,1,0,3,1,0,0,0,0
140,MAP_WILD_DUNGEON_06,荒野ダンジョン6の地図,w1d6/01,6,119,200,24,483,849,349,0,0,29,0,3,15,1,0,1,1,0,0,0,0
141,MAP_WILD_DUNGEON_06_B1,荒野ダンジョン6のB1の地図,w1d6/02,1016,120,200,24,483,850,349,0,0,29,0,3,15,1,0,2,1,0,0,0,0
142,MAP_WILD_DUNGEON_06_B2,荒野ダンジョン6のB2の地図,w1d6/03,64512,121,200,24,483,372,349,0,0,29,0,3,15,1,0,3,1,0,0,0,0
143,,アルテマステージ1の地図,w1fb/00,0,0,400,24,477,0,348,0,0,-1,0,0,0,1,0,0,1,0,0,0,0
144,,ギルガメッシュステージ1の地図,r1fb/00,0,127,200,25,386,0,366,0,0,-1,0,0,0,1,0,0,1,0,0,0,0
145,MAP_WILD_DUNGEON_07,荒野ダンジョン7の地図,w1d7/00,4094,58,200,24,1333,0,360,0,0,31,0,3,16,1,0,0,1,0,0,0,0
146,MAP_SEA_DUNGEON_06,海のダンジョン6の地図,s1d6/00,2046,101,200,22,1351,0,362,0,0,32,0,1,16,1,0,0,1,0,0,0,0
147,,リヴァイアサンステージ1の地図,o1fa/00,0,0,400,22,1334,0,281,0,0,-1,0,0,0,1,0,0,1,0,0,0,0
148,,バハムート02森01の地図,f1b1/00,126,22,200,23,1301,0,355,0,0,34,0,0,0,1,0,0,1,0,0,0,0
149,,バハムート02森02の地図,f1b2/01,6,23,200,23,1302,1353,356,0,0,35,0,0,0,1,0,1,1,0,0,0,0
150,,バハムート02森04の地図,f1b4/00,0,28,200,23,1304,0,358,0,0,-1,0,0,0,1,0,0,1,0,0,0,0
151,,森のダンジョン5の地図,f1d5/01,510,122,200,23,125,1335,363,0,0,33,0,2,15,1,0,1,1,0,0,0,0
152,,森のダンジョン5のB1の地図,f1d5/02,7680,123,200,23,125,1336,363,0,0,33,0,2,15,1,0,2,1,0,0,0,0
153,,海ハウジング室内S1のB1Fの地図,s1i1/02,0,0,400,22,1100,1148,282,0,0,-1,0,0,0,1,0,2,1,0,0,0,0
154,,森ハウジング室内S1のB1Fの地図,f1i1/02,0,0,400,23,1106,1148,342,0,0,-1,0,0,0,1,0,2,1,0,0,0,0
155,,荒野ハウジング室内S1のB1Fの地図,w1i1/02,0,0,400,24,1103,1148,345,0,0,-1,0,0,0,1,0,2,1,0,0,0,0
156,,バハムート02森02の地図後半,f1b2/02,24,24,200,23,1302,1354,356,0,0,35,0,0,0,1,0,2,1,0,0,0,0
157,MAP_ROCK_DUNGEON_02,山のダンジョン2の地図,r1d2/00,16382,107,200,25,1376,0,365,0,0,37,0,4,10,1,0,0,1,0,0,0,0
158,,湖のレイド2の地図階層１,l1r2/01,2,112,200,26,493,485,372,0,0,38,0,5,5,1,0,1,1,0,0,0,0
159,,湖のレイド2の地図階層2,l1r2/02,12,113,200,26,493,486,372,0,0,38,0,5,5,1,0,2,1,0,0,0,0
160,,湖のレイド2の地図階層3,l1r2/03,48,114,200,26,493,487,372,0,0,38,0,5,5,1,0,3,1,0,0,0,0
161,,湖のレイド2の地図階層4,l1r2/04,192,115,200,26,493,488,372,0,0,38,0,5,5,1,0,4,1,0,0,0,0
162,,湖のレイド2の地図階層5,l1r2/05,768,116,200,26,493,489,372,0,0,38,0,5,5,1,0,5,1,0,0,0,0
163,,湖のレイド2の地図階層6,l1r2/06,3072,117,200,26,493,490,372,0,0,38,0,5,5,1,0,6,1,0,0,0,0
164,,湖のレイド2の地図階層7,l1r2/07,28672,118,200,26,493,491,372,0,0,38,0,5,5,1,0,7,1,0,0,0,0
165,MAP_FOREST_DUNGEON_06,森のダンジョン6の地図,f1d6/00,16382,9,300,23,1375,0,373,0,0,39,0,2,16,1,0,0,1,0,0,0,0
166,,ラムウステージ1の地図,f1fb/00,0,0,400,23,1363,0,374,0,0,-1,0,0,0,1,0,0,1,0,0,0,0
167,,フロントライン1の地図,l1p1/00,0,124,100,26,1374,0,376,0,0,-1,0,0,0,1,0,0,1,0,0,0,0
168,MAP_SEA_DUNGEON_05,海のダンジョン5の地図,s1d5/00,8190,125,200,22,1377,0,361,0,0,40,0,1,17,1,0,0,1,0,0,0,0
169,MAP_SEA_DUNGEON_07,海のダンジョン7の地図,s1d7/00,1022,126,200,22,494,0,387,0,0,42,0,1,18,1,0,0,1,0,0,0,0
170,,海ハウジング個室の地図1,s1i4/00,0,0,400,22,1157,0,384,0,0,-1,0,0,0,1,0,0,1,0,0,0,0
171,,森ハウジング個室の地図1,f1i4/00,0,0,400,23,1159,0,385,0,0,-1,0,0,0,1,0,0,1,0,0,0,0
172,,荒野ハウジング個室の地図1,w1i4/00,0,0,400,24,1158,0,386,0,0,-1,0,0,0,1,0,0,1,0,0,0,0
173,,シヴァステージ1の地図,r1fc/00,0,0,400,25,1399,0,377,0,0,-1,0,0,0,1,0,0,1,0,0,0,0
174,,山ダンジョン3の地図,r1d3/00,2046,128,200,25,404,0,371,0,0,41,0,4,11,1,0,0,1,0,0,0,0
175,,バハムート03荒野01の地図,w1b1/00,126,140,200,24,1406,0,193,0,0,45,0,0,0,1,0,0,1,0,0,0,0
176,,バハムート03荒野02の地図,w1b2/00,126,141,200,24,1407,0,194,0,0,46,0,0,0,1,0,0,1,0,0,0,0
177,,バハムート03荒野03の地図,w1b3/00,0,142,200,24,1408,0,195,0,0,-1,0,0,0,1,0,0,1,0,0,0,0
178,,バハムート03荒野04の地図,w1b4/00,0,143,200,24,1409,0,196,-448,0,-1,0,0,0,1,0,0,1,0,0,0,0
179,,山のイベント2の地図,r1e2/00,0,0,400,25,1429,0,395,0,0,-1,0,0,0,1,0,0,1,1,0,0,0
180,,森のイベント6の地図,f1e6/00,0,0,200,23,55,112,152,0,0,-1,0,0,0,1,0,0,1,1,0,0,0
181,,海のフィールド3の地下の地図,,0,0,100,23,56,1428,137,0,0,-1,0,0,0,1,0,0,1,1,0,0,0
182,MAP_WILD_DUNGEON_08_1F,荒野ダンジョン8の1Fの地図,w1d8/01,65038,138,200,24,1403,855,367,0,0,43,0,3,17,1,0,1,1,0,0,0,0
183,MAP_WILD_DUNGEON_08_B1,荒野ダンジョン8のB1Fの地図,w1d8/02,496,139,200,24,1403,856,367,0,0,43,0,3,17,1,0,2,1,0,0,0,0
184,,湖のレイド3の地図,l1r3/00,2046,130,200,26,1431,0,151,0,0,47,0,5,6,1,0,1,1,0,0,0,0
185,,湖のレイド3の地図（体内）,default/00,0,0,100,26,1432,0,151,0,0,-1,0,0,0,1,0,0,1,0,0,0,0
186,,イシュガルド防衛戦ステージ01の地図,r1fd/00,0,152,200,25,406,0,143,0,0,-1,0,0,0,1,0,0,1,0,0,0,0
187,,オーディンステージ1の地図,default/00,0,0,100,23,56,133,394,0,0,-1,0,0,0,1,0,0,1,0,0,0,0
188,,海のダンジョン8の地図,s1d8/00,4094,129,200,22,495,0,188,0,0,44,0,1,19,1,0,0,1,0,0,0,0
189,,森のダンジョン7の地図01,f1d7/01,62,149,200,23,1447,1528,189,0,0,48,0,2,17,1,0,1,1,0,0,0,0
190,,森のダンジョン7の地図02,f1d7/02,8128,150,200,23,1447,1529,189,0,0,48,0,2,17,1,0,2,1,0,0,0,0
191,,森のダンジョン7の地図03,f1d7/03,57344,151,200,23,1447,1530,189,0,0,48,0,2,17,1,0,3,1,0,0,0,0
192,MAP_SEA_HOUSING_02,海ハウジングの地図02,s1h1/02,0,144,200,22,425,1162,339,704,704,-1,0,1,4,1,0,2,1,0,0,0,0
193,MAP_FOREST_HOUSING_02,森ハウジングの地図02,f1h1/02,0,145,200,23,426,1166,340,704,704,-1,0,2,4,1,0,2,1,0,0,0,0
194,MAP_WILD_HOUSING_02,荒野ハウジングの地図02,w1h1/02,0,146,200,24,427,1164,341,704,704,-1,0,3,4,1,0,2,1,0,0,0,0
195,,テュポーンステージ01の地図,default/00,0,0,100,24,49,0,142,0,0,-1,0,0,0,1,0,0,1,0,0,0,0
196,,ゴールドソーサー01の地図,w1eb/00,0,147,400,24,1484,1484,144,0,0,-1,0,3,5,1,0,1,1,0,0,0,0
197,,ゴールドソーサー02の地図,w1ed/00,0,148,400,24,1484,1500,388,0,0,-1,0,3,5,1,0,2,1,0,0,0,0
198,,チョコボレース海01の地図,s1fb/00,0,156,100,2405,1500,0,389,-472,-424,-1,0,0,0,1,0,0,1,0,0,0,0
199,,チョコボレース荒野01の地図,w1fc/01,0,157,100,2405,1500,0,390,0,0,-1,0,0,0,1,0,0,1,0,0,0,0
200,,チョコボレース森01の地図,f1fc/00,0,158,100,2405,1500,0,391,0,0,-1,0,0,0,1,0,0,1,0,0,0,0
201,,湖のダンジョン1の地図階層1,l1d1/01,30,153,200,26,418,1525,150,0,0,49,0,5,3,1,0,1,1,0,0,0,0
202,,湖のダンジョン1の地図階層2,l1d1/02,480,154,200,26,418,1526,150,0,0,49,0,5,3,1,0,2,1,0,0,0,0
203,,湖のダンジョン1の地図階層3,l1d1/03,3584,155,200,26,418,1527,150,0,0,49,0,5,3,1,0,3,1,0,0,0,0
204,,海ハウジング地下工房1の地図,s1i5/00,0,0,400,22,1227,0,423,0,0,-1,0,0,0,1,0,0,1,0,0,0,0
205,,荒野ハウジング地下工房1の地図,w1i5/00,0,0,400,24,1228,0,424,0,0,-1,0,0,0,1,0,0,1,0,0,0,0
206,,森ハウジング地下工房1の地図,f1i5/00,0,0,400,23,1229,0,425,0,0,-1,0,0,0,1,0,0,1,0,0,0,0
207,,アシエンステージ01の地図1,z1e9/00,0,0,400,26,1390,0,426,0,0,-1,0,0,0,1,0,0,1,0,0,0,0
208,,アシエンステージ01の地図2,default/00,0,0,100,26,1390,0,426,-220,0,-1,0,0,0,1,0,0,1,0,0,0,0
209,,森のイベント6の地図2,default/00,0,0,200,23,112,0,152,0,0,-1,0,0,0,1,0,0,1,1,0,0,0
210,,ギルガメッシュ2戦用の地図,default/00,0,0,200,23,128,0,167,0,0,-1,0,0,0,1,0,0,1,0,0,0,0
211,MAP_ROCK2_FIELD_01,山2のフィールド1の地図,r2f1/00,2147483646,161,95,25,2200,0,397,0,0,16,0,4,6,1,39,0,0,0,0,0,0
212,MAP_DRA_FIELD_01,ドラヴァニアのフィールド1の地図,d2f1/00,2147483646,162,95,498,2000,0,398,0,0,11,0,7,3,1,39,0,0,0,0,0,0
213,MAP_DRA_FIELD_02,ドラヴァニアのフィールド2の地図,d2f2/00,2147483646,163,95,498,2001,0,399,0,0,12,0,7,4,1,39,0,0,0,0,0,0
214,MAP_DRA_FIELD_03,ドラヴァニアのフィールド3の地図,d2f3/00,2147483646,164,95,498,2002,0,400,0,0,13,0,7,5,1,39,0,0,0,0,0,0
215,MAP_ABR_FIELD_01,アバラシアのフィールド1の地図,a2f1/00,2147483646,165,95,497,2100,0,401,0,0,14,0,6,2,1,39,0,0,0,0,0,0
216,MAP_ABR_FIELD_02,アバラシアのフィールド2の地図,a2f2/00,2147483646,166,95,497,2101,0,402,0,0,15,0,6,3,1,39,0,0,0,0,0,0
217,,チョコボレース荒野チュートリアル01の地図,w1fc/02,0,0,100,2405,1500,0,417,0,-690,-1,0,0,0,1,0,0,1,0,0,0,0
218,MAP_ROCK2_TOWN_01,山の都市1の地図,r2t1/00,0,159,200,25,2300,0,418,0,0,-1,0,4,2,1,0,0,1,0,0,0,0
219,MAP_ROCK2_TOWN_02,山の都市2の地図,r2t2/00,0,160,200,25,2301,0,419,0,0,-1,0,4,3,1,0,0,1,0,0,0,0
220,,山のイベント1の地図,r2e1/00,0,0,400,25,2337,0,427,0,0,-1,0,0,0,1,0,0,1,1,0,0,0
221,,山のイベント3の地図,r2e3/00,0,0,400,25,2335,0,428,0,0,-1,0,0,0,1,0,0,1,1,0,0,0
222,,山のイベント4の地図,r2e4/00,0,0,400,25,2320,0,433,0,0,-1,0,0,0,1,0,0,1,1,0,0,0
223,,イシュガルド宿屋の地図,r2ti/00,0,389,800,25,2310,0,429,0,0,-1,0,0,0,1,0,0,1,0,0,0,0
224,,山のイベント5の地図,r2e5/00,0,0,400,25,2313,0,439,0,0,-1,0,0,0,1,0,0,1,1,0,0,0
225,,山のイベント6の地図,r2e6/00,0,0,400,25,2336,0,440,0,0,-1,0,0,0,1,0,0,1,1,0,0,0
226,,ドラヴァニアのイベント2の地図,d2e2/00,0,294,400,498,2083,0,462,0,0,-1,0,0,0,1,0,0,1,1,0,0,0
227,,ドラヴァニアのダンジョン1の地図階層1,d2d1/01,30,167,200,498,2007,1616,441,185,51,51,0,7,6,1,0,1,1,0,0,0,0
228,,ドラヴァニアのダンジョン1の地図階層2,d2d1/02,992,168,200,498,2007,1615,441,-162,55,51,0,7,6,1,0,2,1,0,0,0,0
229,,ドラヴァニアのダンジョン1の地図階層3,d2d1/03,15360,169,200,498,2007,1614,441,51,59,51,0,7,6,1,0,3,1,0,0,0,0
230,,アバラシアのダンジョン2の地図,a2d2/00,62,174,200,497,2130,0,420,0,0,50,0,6,5,1,0,0,1,0,0,0,0
231,,アバラシアのダンジョン1の地図階層1,a2d1/01,254,170,200,497,2147,1603,438,-18,149,10,0,6,4,1,0,1,0,0,0,0,0
232,,アバラシアのダンジョン1の地図階層2,a2d1/02,32512,171,200,497,2147,1604,438,-18,-18,10,0,6,4,1,0,2,0,0,0,0,0
233,,アバラシアのダンジョン1の地図階層3,a2d1/03,32768,172,200,497,2147,1626,438,359,250,10,0,6,4,1,0,3,0,0,0,0,0
234,,アバラシアのダンジョン1の地図階層4,a2d1/04,33488896,173,200,497,2147,1605,438,-229,-62,10,0,6,4,1,0,4,0,0,0,0,0
235,,ビスマルクステージ1の地図,a2fa/00,0,0,400,497,2151,0,436,0,0,-1,0,0,0,1,0,0,1,0,0,0,0
236,,ナイツオブラウンドステージ1の地図,a2fb/00,0,0,400,497,2178,0,437,0,0,-1,0,0,0,1,0,0,1,0,0,0,0
237,,アレキサンダー01右腕01の地図,d2a1/00,30,175,200,498,1628,0,442,0,0,57,0,0,0,1,0,0,1,0,0,0,0
238,,アレキサンダー01右腕02の地図01,d2a2/01,6,176,200,498,1633,1648,443,0,0,58,0,0,0,1,0,1,1,0,0,0,0
239,,アレキサンダー01右腕03の地図,d2a3/00,62,178,200,498,1638,0,444,0,0,59,0,0,0,1,0,0,1,0,0,0,0
240,,アレキサンダー01右腕04の地図,d2a4/00,0,179,200,498,1645,0,445,0,0,-1,0,0,0,1,0,0,1,0,0,0,0
241,,ドラヴァニアのダンジョン3の地図,d2d3/00,65534,187,200,498,2038,0,416,0,0,55,0,7,8,1,0,0,1,0,0,0,0
242,,フロントライン3の地図,s2p1/00,0,195,100,22,496,0,431,0,0,-1,0,0,0,1,0,0,1,0,0,0,0
243,,山2のダンジョン1の地図,r2d1/00,65534,188,200,25,2214,0,434,0,0,52,0,4,12,1,0,0,1,0,0,0,0
244,,アバラシアのダンジョン3の地図階層1,a2d3/01,2,189,200,497,2148,1555,430,0,-213,53,0,6,6,1,0,1,1,0,0,0,0
245,,アバラシアのダンジョン3の地図階層2,a2d3/02,124,190,200,497,2148,1556,430,-163,-75,53,0,6,6,1,0,2,1,0,0,0,0
246,,アバラシアのダンジョン3の地図階層3,a2d3/03,3968,191,200,497,2148,1557,430,237,-128,53,0,6,6,1,0,3,1,0,0,0,0
247,,アバラシアのダンジョン3の地図階層4,a2d3/04,61440,192,200,497,2148,1576,430,0,350,53,0,6,6,1,0,4,1,0,0,0,0
248,,山2のダンジョン2の地図階層1,r2d2/01,126,183,200,25,2327,1558,421,0,0,56,0,4,13,1,0,1,1,0,0,0,0
249,,山2のダンジョン2の地図階層2,r2d2/02,384,184,200,25,2327,1559,421,0,0,56,0,4,13,1,0,2,1,0,0,0,0
250,,山2のダンジョン2の地図階層3,r2d2/03,3584,185,200,25,2327,1560,421,0,0,56,0,4,13,1,0,3,1,0,0,0,0
251,,山2のダンジョン2の地図階層4,r2d2/04,28672,186,200,25,2327,1561,421,0,0,56,0,4,13,1,0,4,1,0,0,0,0
252,,ドラヴァニアのダンジョン2の地図,d2d2/00,16382,193,200,498,2050,0,435,-40,55,54,0,7,7,1,0,0,1,0,0,0,0
253,,ドラヴァニアのイベント3の地図,d2e3/00,0,194,400,498,2036,0,463,0,0,-1,0,0,0,1,0,0,1,1,0,0,0
254,,アバラシアのダンジョン1の地図階層5,a2d1/04,33488896,173,200,497,2147,1605,438,-229,-322,10,0,0,0,1,0,0,0,0,0,0,0
255,,アレキサンダー01右腕02の地図02,d2a2/02,24,177,200,498,1633,1649,443,0,0,58,0,0,0,1,0,2,1,0,0,0,0
256,,ラーヴァナステージ1の地図,d2fa/00,0,0,400,498,2081,0,432,0,0,-1,0,0,0,1,0,0,1,0,0,0,0
257,,ドラヴァニアのタウン1の地図,d2t1/00,0,182,400,498,2082,0,478,0,0,-1,0,7,2,1,0,0,1,0,0,0,0
258,MAP_ABALATHIA_RESION_01,アバラシアリージョンの地図,region/05,0,181,100,497,497,0,0,0,0,-1,0,6,1,3,0,0,1,0,0,0,0
259,MAP_DRAVANIA_RESION_01,ドラヴァニアリージョンの地図,region/06,0,180,100,498,498,0,0,0,0,-1,0,7,1,3,0,0,1,0,0,0,0
260,,ドラヴァニアのイベント4の地図,default/00,0,0,100,498,1667,0,505,0,0,-1,0,0,0,1,0,0,1,1,0,0,0
261,,アバラシアイベント2の地図,a2e2/00,0,0,400,497,2179,0,507,0,0,-1,0,0,0,1,0,0,1,1,0,0,0
262,,海のダンジョン9の地図階層1,s1d9/01,14,196,200,22,499,1668,510,0,0,61,0,1,20,1,0,1,1,0,0,0,0
263,,海のダンジョン9の地図階層2,s1d9/02,48,197,200,22,499,1669,510,0,0,61,0,1,20,1,0,2,1,0,0,0,0
264,,海のダンジョン9の地図階層3,s1d9/03,448,198,200,22,499,1670,510,0,0,61,0,1,20,1,0,3,1,0,0,0,0
265,,海のダンジョン9の地図階層4,s1d9/04,1536,199,200,22,499,1671,510,0,0,61,0,1,20,1,0,4,1,0,0,0,0
266,,海のダンジョン9の地図階層5,s1d9/05,63488,200,200,22,499,1430,510,15,122,61,0,1,20,1,0,5,1,0,0,0,0
267,,モードゥナイベント2の地図,default/00,0,0,100,24,1660,0,504,0,0,-1,0,0,0,1,0,0,1,1,0,0,0
268,,ドラヴァニアのダンジョン4の地図1,d2d4/01,510,205,200,498,2034,1685,511,40,6,62,0,7,10,1,0,1,1,0,0,0,0
269,,魔航船01の地図1,z2r1/01,502,201,200,497,2181,2196,508,289,0,60,0,6,7,1,0,1,1,0,0,0,0
270,,魔航船01の地図2,z2r1/02,8,202,200,497,2181,2199,508,289,0,60,0,6,7,1,0,2,1,0,0,0,0
271,,魔航船01の地図3,z2r1/03,3584,203,200,497,2181,2197,508,0,0,60,0,6,7,1,0,3,1,0,0,0,0
272,,魔航船01の地図4,z2r1/04,61440,204,200,497,2181,2198,508,-289,-180,60,0,6,7,1,0,4,1,0,0,0,0
273,,ドラヴァニアのダンジョン4の地図2,d2d4/02,3584,206,200,498,2034,1686,511,55,-4,62,0,7,10,1,0,2,1,0,0,0,0
274,,空島探索ステージ01_3の地図,a2fc/00,134217726,207,100,497,0,0,515,0,0,17,0,0,0,1,0,0,0,0,1,0,0
275,,空島探索ステージ01_2の地図,a2fc/00,134217726,207,100,497,0,0,514,0,0,17,0,0,0,1,0,0,0,0,1,0,0
276,,空島探索ステージ01_1の地図,a2fc/00,134217726,207,100,497,0,0,512,0,0,17,0,0,0,1,0,0,0,0,1,0,0
277,,ドラヴァニアのダンジョン5の地図階層1,d2d5/01,126,212,200,498,2088,1691,516,0,0,64,0,7,11,1,0,1,1,0,0,0,0
278,,ドラヴァニアのダンジョン5の地図階層2,d2d5/02,3968,213,200,498,2088,1692,516,0,0,64,0,7,11,1,0,2,1,0,0,0,0
279,,ドラヴァニアのダンジョン5の地図階層3,d2d5/03,61440,214,200,498,2088,1693,516,0,0,64,0,7,11,1,0,3,1,0,0,0,0
280,,森のダンジョン8の地図階層1,f1d8/01,62,209,200,23,1704,1701,519,64,315,63,0,2,18,1,0,1,1,0,0,0,0
281,,森のダンジョン8の地図階層2,f1d8/02,1984,210,200,23,1704,1702,519,197,325,63,0,2,18,1,0,2,1,0,0,0,0
282,,森のダンジョン8の地図階層3,f1d8/03,63488,211,200,23,1704,1703,519,-175,-297,63,0,2,18,1,0,3,1,0,0,0,0
283,,セフィロトステージ1の地図,a2fd/00,0,0,400,497,2256,0,517,0,0,-1,0,0,0,1,0,0,1,0,0,0,0
284,,水上コロセウム2の地図,s1p4/00,0,208,200,22,1664,0,518,0,0,-1,0,0,0,1,0,0,1,0,0,0,0
285,,水上コロセウム2の地図2,s1p5/00,0,208,200,22,1664,0,518,0,0,-1,0,0,0,1,0,0,1,0,0,0,0
286,,アレキサンダー02左腕01の地図,d2a5/00,62,215,200,498,1708,0,520,0,0,65,0,0,0,1,0,0,1,0,0,0,0
287,,アレキサンダー02左腕02の地図01,d2a6/01,2,216,200,498,1714,1715,521,0,0,66,0,0,0,1,0,1,1,0,0,0,0
288,,アレキサンダー02左腕02の地図02,d2a6/02,124,217,200,498,1714,1716,521,0,150,66,0,0,0,1,0,2,1,0,0,0,0
289,,アレキサンダー02左腕03の地図,d2a7/00,62,218,200,498,1723,0,522,-110,-170,67,0,0,0,1,0,0,1,0,0,0,0
290,,アレキサンダー02左腕04の地図,d2a8/00,0,219,200,498,1731,0,523,0,0,-1,0,0,0,1,0,0,1,0,0,0,0
291,,ドラヴァニアのイベント5の地図,default/00,0,0,100,498,1732,0,505,0,0,-1,0,0,0,1,0,0,1,1,0,0,0
292,,ドラヴァニアのダンジョン6の地図階層1,d2d6/01,62,227,200,498,2090,1705,555,370,0,69,0,7,12,1,0,1,1,0,0,0,0
293,,ドラヴァニアのダンジョン6の地図階層2,d2d6/02,960,228,200,498,2090,1706,555,-370,-200,69,0,7,12,1,0,2,1,0,0,0,0
294,,ドラヴァニアのダンジョン6の地図階層3,d2d6/03,64512,229,200,498,2090,1707,555,-370,300,69,0,7,12,1,0,3,1,0,0,0,0
295,,ゴールドソーサーコンテンツ01の地図,w1ee/00,0,236,800,24,1665,0,579,0,0,-1,0,0,0,1,0,0,1,0,0,0,0
296,,フロントライン4の地図,r2p1/00,0,220,100,25,1740,0,554,0,0,-1,0,0,0,1,0,0,1,0,0,0,0
297,,海のダンジョン10の地図,s1da/00,8190,230,200,22,1741,0,557,0,0,71,0,1,21,1,0,0,1,0,0,0,0
298,,湖のレイド4の地図階層１,z2r2/01,14,221,200,26,1742,1743,556,-40,-40,68,0,5,7,1,0,1,1,0,0,0,0
299,,湖のレイド4の地図階層２,z2r2/02,496,222,200,26,1742,1744,556,298,350,68,0,5,7,1,0,2,1,0,0,0,0
300,,湖のレイド4の地図階層３,z2r2/03,3584,223,200,26,1742,1745,556,290,-272,68,0,5,7,1,0,3,1,0,0,0,0
301,,湖のレイド4の地図階層４,z2r2/04,12288,224,200,26,1742,1746,556,-272,334,68,0,5,7,1,0,4,1,0,0,0,0
302,,湖のレイド4の地図階層５,z2r2/05,16384,225,200,26,0,1747,556,-288,-250,68,0,0,0,1,0,0,1,0,0,0,0
303,,湖のレイド4の地図階層６,z2r2/06,32768,226,200,26,1742,1748,556,296,0,68,0,5,7,1,0,6,1,0,0,0,0
304,,ニーズヘッグステージ1の地図,r1fe/00,0,0,400,25,406,19,559,0,0,-1,0,0,0,1,0,0,1,0,0,0,0
305,,レオファードのアジト外観の地図,a2e3/00,0,234,400,497,1803,0,567,0,0,-1,0,0,0,1,0,0,1,1,0,0,0
306,,レオファードのアジト内部の地図,a2e4/00,0,235,800,497,1804,0,568,0,0,-1,0,0,0,1,0,0,1,1,0,0,0
307,,山1イベント3の地図,r1e3/00,0,0,400,25,406,19,569,0,0,-1,0,0,0,1,0,0,1,1,0,0,0
308,,小隊コンテンツ01の地図,f1tg/00,0,0,400,23,1800,0,534,0,0,-1,0,0,0,1,0,0,1,1,0,0,0
309,,小隊コンテンツ02の地図,w1tg/00,0,0,400,24,1801,0,535,0,0,-1,0,0,0,1,0,0,1,1,0,0,0
310,,小隊コンテンツ03の地図,s1tg/00,0,0,400,22,1802,0,536,0,0,-1,0,0,0,1,0,0,1,1,0,0,0
311,,ドラヴァニアのダンジョン7の地図階層1,d2d7/01,2046,231,200,498,2091,1784,578,116,0,75,0,7,13,1,0,1,1,0,0,0,0
312,,ドラヴァニアのダンジョン7の地図階層2,d2d7/02,63488,232,200,498,2091,1785,578,-219,117,75,0,7,13,1,0,2,1,0,0,0,0
313,,山2のダンジョン3の地図,r2d3/00,32766,233,200,25,1792,0,572,-148,35,70,0,4,14,1,0,0,1,0,0,0,0
314,,ディープダンジョンイベント1の地図,default/00,0,0,100,23,1793,0,570,0,0,-1,0,0,0,1,0,0,1,1,0,0,0
315,,トレジャーハンターダンジョンの地図,default/00,0,0,100,2405,1799,0,558,0,0,-1,0,0,0,1,0,0,1,0,0,0,0
316,,原種アルテマウェポンステージ1の地図,a2ff/00,0,0,400,497,2180,0,353,0,0,-1,0,0,0,1,0,0,1,0,0,0,0
317,,森のダンジョン9の地図階層1,f1d9/01,0,248,200,23,1834,599,571,0,0,-1,0,0,0,1,0,1,1,0,0,0,0
318,,森のダンジョン9の地図階層2,f1d9/02,0,247,200,23,1834,600,571,0,0,-1,0,0,0,1,0,2,1,0,0,0,0
319,,森のダンジョン9の地図階層3,f1d9/03,0,249,200,23,1834,601,571,0,0,-1,0,0,0,1,0,3,1,0,0,0,0
320,,海ハウジングアパルトメントロビー1の地図,s1i6/00,0,237,400,22,1811,0,573,0,0,-1,0,0,0,1,0,0,1,1,0,0,0
321,,森ハウジングアパルトメントロビー1の地図,f1i6/00,0,238,400,23,1813,0,574,0,0,-1,0,0,0,1,0,0,1,1,0,0,0
322,,荒野ハウジングアパルトメントロビー1の地図,w1i6/00,0,239,400,24,1815,0,575,0,0,-1,0,0,0,1,0,0,1,1,0,0,0
323,,海ハウジングアパルトメント部屋1の地図,s1i4/00,0,0,400,22,1812,0,608,0,0,-1,0,0,0,1,0,0,1,0,0,0,0
324,,森ハウジングアパルトメント部屋1の地図,f1i4/00,0,0,400,23,1814,0,609,0,0,-1,0,0,0,1,0,0,1,0,0,0,0
325,,荒野ハウジングアパルトメント部屋1の地図,w1i4/00,0,0,400,24,1816,0,610,0,0,-1,0,0,0,1,0,0,1,0,0,0,0
326,,アレキサンダー03頭部01の地図01,d2a9/01,6,240,200,498,1835,1836,580,75,14,72,0,0,0,1,0,1,1,0,0,0,0
327,,アレキサンダー03頭部01の地図02,d2a9/02,24,241,200,498,1835,1837,580,0,358,72,0,0,0,1,0,2,1,0,0,0,0
328,,アレキサンダー03頭部02の地図01,d2aa/01,14,242,200,498,1841,1725,581,0,-80,73,0,0,0,1,0,1,1,0,0,0,0
329,,アレキサンダー03頭部02の地図02,d2aa/02,16,243,200,498,1841,1842,581,0,-80,73,0,0,0,1,0,2,1,0,0,0,0
330,,アレキサンダー03頭部03の地図01,d2ab/01,6,244,200,498,1847,1848,582,0,0,74,0,0,0,1,0,1,1,0,0,0,0
331,,アレキサンダー03頭部03の地図02,d2ab/02,8,245,200,498,1847,1849,582,0,0,74,0,0,0,1,0,2,1,0,0,0,0
332,,アレキサンダー03頭部04の地図01,d2ac/00,0,246,200,498,1853,0,583,0,0,-1,0,0,0,1,0,0,1,0,0,0,0
333,,アレキサンダー03頭部04の地図02,default/00,0,0,100,498,1853,0,583,0,0,-1,0,0,0,1,0,0,1,0,0,0,0
334,,ソフィアステージ1の地図,a2fe/00,0,0,400,497,2265,0,576,0,0,-1,0,0,0,1,0,0,1,0,0,0,0
335,,フロンデール薬学院の地図,w1ef/00,0,250,800,24,695,0,611,0,0,-1,0,0,0,1,0,0,1,1,0,0,0
336,,東国ダンジョン1の地図,e3d1/00,4094,289,200,2401,2779,0,616,0,35,81,0,11,5,1,0,0,1,0,0,0,0
337,,森のダンジョン10の地図階層1,f1da/01,62,252,200,23,1857,1858,615,182,32,77,0,2,19,1,0,1,1,0,0,0,0
338,,森のダンジョン10の地図階層2,f1da/02,64,253,200,23,1857,1859,615,0,0,77,0,2,19,1,0,2,1,0,0,0,0
339,,森のダンジョン10の地図階層3,f1da/03,384,254,200,23,1857,1860,615,-138,0,77,0,2,19,1,0,3,1,0,0,0,0
340,,森のダンジョン10の地図階層4,f1da/04,15872,255,200,23,1857,1861,615,-345,-295,77,0,2,19,1,0,4,1,0,0,0,0
341,,ドラヴァニアのイベント7の地図,default/00,0,0,100,498,1856,0,588,0,0,-1,0,0,0,1,0,0,1,1,0,0,0
342,,ドラヴァニアのイベント7の地図2,d2ab/02,8,245,200,498,1847,0,588,0,0,74,0,0,0,1,0,0,1,1,0,0,0
343,,魔航船03の地図1,z2r3/01,14,258,200,497,1868,1869,627,-350,-400,76,0,6,8,1,0,1,1,0,0,0,0
344,,魔航船03の地図2,z2r3/02,8176,259,200,497,1868,1870,627,100,-100,76,0,6,8,1,0,2,1,0,0,0,0
345,,魔航船03の地図3,z2r3/03,8192,260,200,497,1868,1871,627,0,0,76,0,6,8,1,0,3,1,0,0,0,0
346,,魔航船03の地図4,z2r3/04,16384,261,200,497,0,1872,627,350,400,76,0,0,0,1,0,0,1,0,0,0,0
347,,魔航船03の地図5,z2r3/05,0,0,200,497,0,1873,627,-350,400,-1,0,0,0,1,0,0,1,0,0,0,0
348,,森コロセウム1の地図,f1p1/00,0,251,200,23,1884,0,631,0,0,-1,0,0,0,1,0,0,1,0,0,0,0
349,,森コロセウム1の地図2,f1p2/00,0,251,200,23,1884,0,632,0,0,-1,0,0,0,1,0,0,1,0,0,0,0
350,,ドラヴァニアのダンジョン8の地図階層1,d2d8/01,30,262,200,498,1888,1614,617,128,-32,78,0,7,14,1,0,1,1,0,0,0,0
351,,ドラヴァニアのダンジョン8の地図階層2,d2d8/02,992,263,200,498,1888,1615,617,-256,-192,78,0,7,14,1,0,2,1,0,0,0,0
352,,ドラヴァニアのダンジョン8の地図階層3,d2d8/03,15360,264,200,498,1888,1889,617,-192,192,78,0,7,14,1,0,3,1,0,0,0,0
353,,ズルワーンステージ1の地図,a2fg/00,0,0,400,497,2266,0,637,0,0,-1,0,0,0,1,0,0,1,0,0,0,0
354,,東国のフィールド2の地図,e3f2/00,2147483646,282,100,2401,2410,0,614,0,0,22,0,11,3,1,65,0,0,0,0,0,0
355,,モードゥナイベント3の地図,l1e3/00,0,0,400,26,1887,0,636,0,0,-1,0,0,0,1,0,0,1,1,0,0,0
356,,空島探索ステージ02の地図,a2fh/00,134217726,257,100,497,0,0,656,0,0,17,0,0,0,1,0,0,0,0,1,0,0
357,,イベントコンテンツ004の地図,l1p1/00,0,265,100,26,1374,0,633,0,0,-1,0,0,0,1,0,0,1,0,0,0,0
358,,空島探索ステージ02の地図2,default/00,0,0,100,497,1647,0,656,0,0,-1,0,0,0,1,0,0,1,0,0,0,0
359,,海域ダンジョン1の地図,o3d1/00,65534,284,200,22,2297,0,626,0,0,85,0,1,22,1,0,0,1,0,0,0,0
360,,東国ダンジョン4の地図階層1,e3d4/01,62,285,200,2402,2298,1974,662,70,33,86,0,9,4,1,0,1,1,0,0,0,0
361,,東国ダンジョン4の地図階層2,e3d4/02,65472,286,200,2402,2298,1975,662,-277,-49,86,0,9,4,1,0,2,1,0,0,0,0
362,,ギラバニアダンジョン3地図階層1,g3d3/01,62,266,200,2400,2707,1931,663,-427,-314,79,0,8,8,1,0,1,1,0,0,0,0
363,,ギラバニアダンジョン3地図階層2,g3d3/02,16320,267,200,2400,2707,1932,663,296,170,79,0,8,8,1,0,2,1,0,0,0,0
364,MAP_EAST_HOUSING_01,クガネハウジングの地図,e1h1/01,0,268,200,2402,2412,2341,641,0,0,-1,0,9,3,1,0,1,1,0,0,0,0
365,MAP_EAST_HOUSING_02,クガネハウジングの地図02,e1h1/02,0,269,200,2402,2412,2342,641,704,704,-1,0,9,3,1,0,2,1,0,0,0,0
366,,ギラバニアのタウン1の地図,g3t1/00,0,276,200,2400,2403,0,635,0,0,-1,0,8,2,1,65,0,1,0,0,0,0
367,,ギラバニアのフィールド1の地図,g3f1/00,2147483646,277,100,2400,2406,0,612,0,0,18,0,8,3,1,65,0,0,0,0,0,0
368,,ギラバニアのフィールド2の地図,g3f2/00,4294967294,278,100,2400,2407,0,620,0,0,19,0,8,4,1,65,0,0,0,0,0,0
369,,ギラバニアのフィールド3の地図,g3f3/00,4294967294,279,100,2400,2408,0,621,0,0,20,0,8,5,1,65,0,0,0,0,0,0
370,,東国の都市1の地図,e3t1/00,0,280,200,2402,2404,0,628,0,0,-1,0,9,2,1,65,0,1,0,0,0,0
371,,東国のフィールド1の地図,e3f1/00,2147483646,281,100,2401,2409,0,613,0,0,21,0,11,2,1,65,0,0,0,0,0,0
372,,東国のフィールド3の地図,e3f3/00,2147483646,283,100,2401,2411,0,622,0,0,23,0,11,4,1,65,0,0,0,0,0,0
373,,ギラバニアダンジョン2地図階層1,g3d2/01,62,274,200,2400,2691,2293,689,292,-163,80,0,8,7,1,0,1,1,0,0,0,0
374,,ギラバニアダンジョン2地図階層2,g3d2/02,16320,275,200,2400,2691,2294,689,-250,128,80,0,8,7,1,0,2,1,0,0,0,0
375,,東国ダンジョン2の地図,e3d2/00,32766,287,200,2401,2833,0,623,0,0,82,0,11,6,1,0,0,1,0,0,0,0
376,,海賊船の甲板の地図,o3e1/00,0,295,400,22,1960,0,680,0,0,-1,0,0,0,1,0,0,1,1,0,0,0
377,,東国のイベント部屋1の地図,e3e1/00,0,302,400,2402,2927,0,639,0,0,-1,0,0,0,1,0,0,1,1,0,0,0
378,,東国のイベント部屋5の地図,e3e5/00,0,297,400,2401,2805,0,681,0,0,-1,0,0,0,1,0,0,1,1,0,0,0
379,,東国のイベント部屋aの地図,e3ea/00,0,298,400,2401,2813,0,682,-60,-46,-1,0,0,0,1,0,0,1,1,0,0,0
380,,クガネ宿屋の地図,e3ti/00,0,388,800,2402,2910,0,629,0,0,-1,0,0,0,1,0,0,1,0,0,0,0
381,,ギラバニアのイベント部屋1の地図,g3e1/00,0,0,400,2400,2339,0,683,0,0,-1,0,0,0,1,0,0,1,1,0,0,0
382,,ギラバニアのイベント部屋3の地図,g3e3/00,0,0,400,2400,2296,0,684,0,0,-1,0,0,0,1,0,0,1,0,0,0,0
383,,ギラバニアのイベント部屋4の地図,g3e4/00,0,296,200,2400,2709,0,727,410,142,-1,0,0,0,1,0,0,1,1,0,0,0
384,,エオルゼアの地図（暁月のフィナーレ）,world/01,0,137,100,3700,3700,0,0,0,0,-1,11,12,1,2,0,0,1,0,0,0,1
385,,ギラバニアリージョンの地図,region/07,0,271,100,2400,2400,0,0,0,0,-1,0,8,1,3,0,0,1,0,0,0,0
386,,オサードリージョンの地図,region/08,0,272,100,2401,2401,0,0,0,0,-1,0,11,1,4,0,0,1,0,0,0,0
387,,ひんがしの国リージョンの地図,region/09,0,273,100,2402,2402,0,0,0,0,-1,0,9,1,4,0,0,1,0,0,0,0
388,,クガネハウジングアパルトメントロビー1の地図,e1i6/00,0,270,400,2402,2272,0,654,0,0,-1,0,0,0,1,0,0,1,1,0,0,0
389,,オメガ01道中の地図,z3o1/00,30,292,200,2400,2284,0,690,0,0,84,0,0,0,1,0,0,1,0,0,0,0
390,,オメガ01一層の地図,z3o2/00,0,0,400,2400,2357,0,691,0,0,-1,0,0,0,1,0,0,1,0,0,0,0
391,,オメガ01二層の地図,z3o3/00,0,0,400,2400,2358,0,692,0,0,-1,0,0,0,1,0,0,1,0,0,0,0
392,,オメガ01三層の地図01,z3o4/00,0,0,400,2400,2359,0,693,0,0,-1,0,0,0,1,0,0,1,0,0,0,0
393,,オメガ01三層の地図02,default/00,0,0,400,2400,2359,0,693,-256,-4,-1,0,0,0,1,0,0,1,0,0,0,0
394,,オメガ01四層の地図,z3o5/00,0,0,400,2400,2360,0,694,0,0,-1,0,0,0,1,0,0,1,0,0,0,0
395,,オメガ01イベントの地図,default/00,0,0,100,2400,2284,0,724,0,0,-1,0,0,0,1,0,0,1,1,0,0,0
396,,東国ダンジョン3の地図,e3d3/00,16382,288,200,2401,2810,0,660,0,0,83,0,11,7,1,0,0,1,0,0,0,0
397,,ギラバニアダンジョン1の地図,g3d1/00,8190,290,200,2400,2665,0,661,72,-186,87,0,8,6,1,0,0,1,0,0,0,0
398,,オメガ01イベントの地図02,default/00,0,0,100,2400,2284,0,724,-1000,-1000,-1,0,0,0,1,0,0,1,1,0,0,0
399,,ラクシュミステージの地図,g3fa/00,0,0,400,2400,2299,0,719,0,0,-1,0,0,0,1,0,0,1,0,0,0,0
400,,スサノオステージの地図,e3fa/00,0,0,400,2401,2295,0,674,0,0,-1,0,0,0,1,0,0,1,0,0,0,0
401,,イフリートステージ2の地図,w1fa/00,0,0,400,24,357,19,292,0,0,-1,0,0,0,1,0,0,1,0,0,0,0
402,,ガルーダステージ2の地図,r1fa/01,0,0,400,25,361,19,294,0,0,-1,0,0,0,1,0,0,1,0,0,0,0
403,,タイタンステージ2の地図,s1fa/00,0,0,400,22,359,19,293,0,0,-1,0,0,0,1,0,0,1,0,0,0,0
404,,ラーヴァナステージ2の地図,d2fa/00,0,0,400,498,2081,19,446,0,0,-1,0,0,0,1,0,0,1,0,0,0,0
405,,神竜ステージの地図01,g3fb/01,0,0,400,2400,2708,0,679,0,0,-1,0,0,0,1,0,0,1,0,0,0,0
406,,神竜ステージの地図02,g3fb/02,0,0,400,2400,2715,0,679,0,0,-1,0,0,0,1,0,0,1,0,0,0,0
407,,ビスマルクステージ2の地図,a2fa/00,0,0,400,497,2151,19,447,0,0,-1,0,0,0,1,0,0,1,0,0,0,0
408,,トレジャーハンターダンジョン02の地図,default/00,0,0,100,2405,2340,0,712,0,0,-1,0,0,0,1,0,0,1,0,0,0,0
409,,トレジャーハンターダンジョン02極の地図,default/00,0,0,100,2405,2340,0,725,0,0,-1,0,0,0,1,0,0,1,0,0,0,0
410,,ギラバニアのタウン1のバトル用地図,g3t1/00,0,299,200,2400,2403,19,659,0,0,-1,0,0,0,1,0,0,1,0,0,0,0
411,,東国の都市1のバトル用地図,e3t1/00,0,300,200,2402,2404,19,665,0,0,-1,0,0,0,1,0,0,1,0,0,0,0
412,,模擬戦1の地図,d2p1/00,0,301,100,498,2099,0,729,0,0,-1,0,0,0,1,0,0,1,0,0,0,0
413,,ギラバニアダンジョン4の地図階層1,g3d4/01,3070,306,200,2400,2367,2368,731,185,5,89,0,8,9,1,0,1,1,0,0,0,0
414,,エウレカ第一弾の地図,z3fa/00,32766,318,100,2405,2414,0,732,0,0,93,0,0,0,1,0,0,1,0,0,0,0
415,,ギラバニアダンジョン4の地図階層2,g3d4/02,62464,307,200,2400,2367,2369,731,-315,5,89,0,8,9,1,0,2,1,0,0,0,0
416,,絶蛮神ステージの地図,f1bz/00,0,0,400,2405,1759,0,733,0,0,-1,0,0,0,1,0,0,1,0,0,0,0
417,,アラミゴ城郭イベントの地図,g3d2/02,16320,275,200,2400,2291,0,737,-250,128,80,0,0,0,1,0,0,1,1,1,0,0
418,MAP_ETC_RESION_01,その他リージョンの地図,region/99,0,0,100,2405,2405,0,0,0,0,-1,0,99,1,3,0,0,1,0,0,0,0
419,,ギラバニアイベント6の地図,g3e6/00,0,305,200,2400,2296,0,738,0,0,-1,0,0,0,1,0,0,1,1,0,0,0
420,,イヴァリースイベント1の地図,z3e2/00,0,303,400,2405,2370,0,735,0,0,-1,0,0,0,1,0,0,1,1,0,0,0
421,,イヴァリースイベント2の地図,z3e3/00,0,304,400,2405,2371,0,736,0,0,-1,0,0,0,1,0,0,1,1,0,0,0
422,,RTI01の地図1,z3r1/01,510,308,200,2405,2372,2373,734,300,-100,88,0,99,2,1,0,1,1,0,0,0,0
423,,RTI01の地図2,z3r1/02,3584,309,200,2405,2372,2374,734,-250,-300,88,0,99,2,1,0,2,1,0,0,0,0
424,,RTI01の地図3,z3r1/03,61440,310,200,2405,2372,2375,734,-100,300,88,0,99,2,1,0,3,1,0,0,0,0
425,,クガネハウジング室内S1の地図階層1,e1i1/01,0,0,400,2402,1893,1147,649,0,0,-1,0,0,0,1,0,1,1,0,0,0,0
426,,クガネハウジング室内S1の地図階層2,e1i1/02,0,0,400,2402,1893,1148,649,0,0,-1,0,0,0,1,0,2,1,0,0,0,0
427,,クガネハウジング室内M1の地図階層1,e1i2/01,0,0,400,2402,1894,1109,650,0,0,-1,0,0,0,1,0,2,1,0,0,0,0
428,,クガネハウジング室内M1の地図階層2,e1i2/02,0,0,400,2402,1894,1110,650,0,0,-1,0,0,0,1,0,1,1,0,0,0,0
429,,クガネハウジング室内M1の地図階層3,e1i2/03,0,0,400,2402,1894,1111,650,0,0,-1,0,0,0,1,0,3,1,0,0,0,0
430,,クガネハウジング室内L1の地図階層1,e1i3/01,0,0,400,2402,1895,1112,651,0,0,-1,0,0,0,1,0,2,1,0,0,0,0
431,,クガネハウジング室内L1の地図階層2,e1i3/02,0,0,400,2402,1895,1113,651,0,0,-1,0,0,0,1,0,1,1,0,0,0,0
432,,クガネハウジング室内L1の地図階層3,e1i3/03,0,0,400,2402,1895,1114,651,0,0,-1,0,0,0,1,0,3,1,0,0,0,0
433,,クガネハウジング地下工房1の地図,e1i5/00,0,0,400,2402,2271,0,652,0,0,-1,0,0,0,1,0,0,1,0,0,0,0
434,,クガネハウジング個室の地図1,e1i4/00,0,0,400,2402,2270,0,653,0,0,-1,0,0,0,1,0,0,1,0,0,0,0
435,,神竜ステージ2の地図01,g3fc/01,0,0,400,2400,2715,0,730,0,0,-1,0,0,0,1,0,0,1,0,0,0,0
436,,神竜ステージ2の地図02,g3fc/02,0,0,400,2400,2716,0,730,0,32,-1,0,0,0,1,0,0,1,0,0,0,0
437,,東国のイベント部屋bの地図,e3eb/00,0,298,400,2401,2813,0,739,-60,-46,-1,0,0,0,1,0,0,1,1,0,0,0
438,,クガネハウジングアパルトメント部屋1の地図,e1i4/00,0,0,400,2402,2273,0,655,0,0,-1,0,0,0,1,0,0,1,0,0,0,0
439,,東国のダンジョン5の地図,e3d5/00,16382,321,200,2401,2762,0,742,0,0,94,0,11,8,1,0,0,1,0,0,0,0
440,,湖コロセウム2の地図,l1p2/00,0,311,200,26,2383,0,745,0,0,-1,0,0,0,1,0,0,1,0,0,0,0
441,,アバラシアのダンジョン4の地図階層1,a2d4/01,14,315,200,497,2394,1576,743,0,350,91,0,6,9,1,0,1,1,0,0,0,0
442,,アバラシアのダンジョン4の地図階層2,a2d4/02,496,316,200,497,2394,1557,743,237,-128,91,0,6,9,1,0,2,1,0,0,0,0
443,,アバラシアのダンジョン4の地図階層3,a2d4/03,32256,317,200,497,2394,2399,743,0,-300,91,0,6,9,1,0,3,1,0,0,0,0
444,,オメガ02イベントの地図,default/00,0,0,100,2400,2284,0,756,0,0,-1,0,0,0,1,0,0,1,1,0,0,0
445,,オメガ02道中の地図,z3o6/00,30,320,200,2400,2284,0,658,-67,-250,90,0,0,0,1,0,0,1,0,0,0,0
446,,オメガ02一層の地図,z3o7/01,0,0,400,2400,2717,0,748,0,0,-1,0,0,0,1,0,1,1,0,0,0,0
447,,オメガ02二層の地図,z3o8/00,0,0,400,2400,2718,0,749,0,0,-1,0,0,0,1,0,0,1,0,0,0,0
448,,オメガ02三層の地図,z3o9/00,0,0,400,2400,2719,0,750,0,0,-1,0,0,0,1,0,0,1,0,0,0,0
449,,オメガ02四層の地図,z3oa/00,0,0,400,2400,2720,0,751,0,0,-1,0,0,0,1,0,0,1,0,0,0,0
450,,白虎ステージの地図,e3fb/00,0,0,400,2401,2354,0,746,0,0,-1,0,0,0,1,0,0,1,0,0,0,0
451,,バレンタインダンジョンの地図,f1e9/00,0,0,400,23,2356,0,741,0,125,-1,0,0,0,1,0,0,1,0,0,0,0
452,,オメガ02一層の地図2,z3o7/02,0,0,400,2400,2717,0,748,30,-45,-1,0,0,0,1,0,0,1,0,0,0,0
453,,オメガ02一層の地図3,z3o7/03,0,0,400,2400,2717,0,748,-145,70,-1,0,0,0,1,0,0,1,0,0,0,0
454,,オメガ02一層の地図4,z3o7/04,0,0,400,2400,2717,0,748,-145,26,-1,0,0,0,1,0,0,1,0,0,0,0
455,,オメガ02一層の地図5,z3o7/05,0,0,400,2400,2717,0,748,-145,-28,-1,0,0,0,1,0,0,1,0,0,0,0
456,,オメガ02一層の地図6,z3o7/06,0,0,400,2400,2717,0,748,-145,-72,-1,0,0,0,1,0,0,1,0,0,0,0
457,,オメガ02一層の地図7,z3o7/07,0,0,400,2400,2717,0,748,-216,70,-1,0,0,0,1,0,0,1,0,0,0,0
458,,オメガ02一層の地図8,z3o7/08,0,0,400,2400,2717,0,748,-216,26,-1,0,0,0,1,0,0,1,0,0,0,0
459,,オメガ02一層の地図9,z3o7/09,0,0,400,2400,2717,0,748,-216,-28,-1,0,0,0,1,0,0,1,0,0,0,0
460,,オメガ02一層の地図10,z3o7/10,0,0,400,2400,2717,0,748,-216,-72,-1,0,0,0,1,0,0,1,0,0,0,0
461,,東国イベント7の地図,e3e7/00,0,314,400,2401,2847,0,744,0,0,-1,0,0,0,1,0,0,1,1,0,0,0
462,,東国イベント8の地図,e3e8/00,0,319,400,2401,2392,0,764,-62,475,-1,0,0,0,1,0,0,1,1,0,0,0
463,,東国イベントCの地図,e3ec/00,0,313,400,2401,2813,0,759,23,34,-1,0,0,0,1,0,0,1,0,0,0,0
464,,東国のダンジョン6の地図階層1,e3d6/01,62,322,200,2401,2801,2437,768,240,0,92,0,11,9,1,0,2,1,0,0,0,0
465,,東国のダンジョン6の地図階層2,e3d6/02,960,323,200,2401,2801,2438,768,-240,0,92,0,11,9,1,0,3,1,0,0,0,0
466,,東国のダンジョン6の地図階層3,e3d6/03,15360,324,200,2401,2801,2439,768,-15,0,92,0,11,9,1,0,1,1,0,0,0,0
467,,エウレカ第二弾の地図,z3fb/00,32766,326,100,2405,2462,0,763,0,0,96,0,0,0,1,0,0,1,0,0,0,0
468,,NIKUステージの地図,e3fc/00,0,0,400,2401,2448,0,761,-100,-100,-1,0,0,0,1,0,0,1,0,0,0,0
469,,東国イベント8の地図2,default/00,0,0,100,2401,2391,0,781,0,0,-1,0,0,0,1,0,0,1,0,0,0,0
470,,RTI02の地図1,z3r2/01,14,327,200,2405,2483,2451,776,202,-92,95,0,99,3,1,0,1,1,0,0,0,0
471,,RTI02の地図2,z3r2/02,48,328,200,2405,2483,2452,776,230,432,95,0,99,3,1,0,2,1,0,0,0,0
472,,RTI02の地図3,z3r2/03,448,329,200,2405,2483,2453,776,230,494,95,0,99,3,1,0,3,1,0,0,0,0
473,,RTI02の地図4,z3r2/04,65024,330,200,2405,2483,2454,776,-800,144,95,0,99,3,1,0,4,1,0,0,0,0
474,,RTI02の地図5,z3r2/05,8192,331,200,2405,2483,2455,776,-800,-800,95,0,0,0,1,0,0,1,0,0,0,0
475,,絶蛮神ステージ02の地図,w1fz/00,0,0,400,2405,2449,0,777,-100,-100,-1,0,0,0,1,0,0,1,0,0,0,0
476,,ツクヨミステージの地図,e3fd/00,0,0,400,2401,2450,0,778,-100,-100,-1,0,0,0,1,0,0,1,0,0,0,0
477,,ディープダンジョン2イベント1の地図,default/00,0,0,100,2401,2775,0,780,0,0,-1,0,0,0,1,0,0,1,1,0,0,0
478,,東国イベント9の地図,default/00,0,0,100,2401,2851,0,769,0,0,-1,0,0,0,1,0,0,1,0,0,0,0
479,,東国イベントEの地図,e3ee/00,0,325,400,2401,2799,0,786,0,0,-1,0,0,0,1,0,0,1,1,0,0,0
480,,東国のダンジョン7の地図,e3d7/00,65534,336,200,2401,2851,0,789,0,0,99,0,11,10,1,0,0,1,0,0,0,0
481,,ドラヴァニアのダンジョン9の地図階層1,d2d9/01,62,332,200,498,2484,1685,788,0,0,97,0,7,15,1,0,1,1,0,0,0,0
482,,ドラヴァニアのダンジョン9の地図階層2,d2d9/02,8128,333,200,498,2484,1686,788,0,0,97,0,7,15,1,0,2,1,0,0,0,0
483,,RTI02イベントの地図,default/00,0,0,100,2405,2451,0,787,0,0,-1,0,0,0,1,0,0,1,1,0,0,0
484,,エウレカ第三弾の地図,z3fc/00,16382,335,100,2405,2530,0,795,0,0,98,0,0,0,1,0,0,1,0,0,0,0
485,,オメガ03一層の地図,z3oc/00,0,0,400,2400,2725,0,798,-100,-100,-1,0,0,0,1,0,0,1,0,0,0,0
486,,オメガ03三層の地図,z3oe/00,0,0,400,2400,2727,0,800,-100,-100,-1,0,0,0,1,0,0,1,0,0,0,0
487,,5周年コンテンツの地図,w1t1/01,0,334,200,24,40,0,790,0,0,-1,0,0,0,1,0,0,1,0,0,0,0
488,,模擬戦2の地図,w1p1/00,0,341,100,24,2589,0,791,0,0,-1,0,0,0,1,0,0,1,0,0,0,0
489,,用心棒・ギルガメッシュステージの地図,e3ff/00,0,0,400,2402,2499,0,806,-100,-100,-1,0,0,0,1,0,0,1,0,0,0,0
490,,AOZの地図,w1tz/00,0,0,400,24,2548,0,796,-100,-100,-1,0,0,0,1,0,0,1,0,0,0,0
491,,第一世界ゾーン1の地図,n4f1/00,536870910,363,100,2950,2953,0,813,0,0,24,0,15,2,1,94,0,0,0,0,0,0
492,,第一世界ゾーン2の地図,n4f2/00,2147483646,364,100,2950,2954,0,814,0,0,25,0,15,3,1,94,0,0,0,0,0,0
493,,第一世界ゾーン3の地図,n4f3/00,536870910,365,100,2950,2955,0,815,0,0,26,0,15,4,1,94,0,0,0,0,0,0
494,,第一世界ゾーン4の地図,n4f4/00,536870910,366,100,2950,2956,0,816,0,0,27,0,15,5,1,94,0,0,0,0,0,0
495,,第一世界ゾーン5の地図,n4f5/00,2147483646,367,100,2950,2957,0,817,0,0,28,0,15,6,1,94,0,0,0,0,0,0
496,,第一世界ゾーン6の地図,n4f6/00,536870910,368,100,2950,2958,0,818,0,0,29,0,15,7,1,94,0,0,0,0,0,0
497,,第一世界街1の地図,n4t1/00,0,370,200,2950,2951,0,819,0,0,-1,0,15,8,1,0,0,1,0,0,0,0
498,,第一世界街2の地図,n4t2/01,0,371,200,2950,2952,3259,820,0,0,-1,0,15,9,1,0,1,1,0,0,0,0
499,,トレジャーハンターダンジョン03の地図,o3c2/00,0,0,400,2405,2485,0,794,-100,-100,-1,0,0,0,1,0,0,1,0,0,0,0
500,,ギラバニアダンジョン5の地図,g3d5/00,1022,340,200,2400,2586,0,793,0,0,100,0,8,10,1,0,0,1,0,0,0,0
501,,オメガ03二層の地図,z3od/00,0,0,400,2400,2736,0,799,-100,-100,-1,0,0,0,1,0,0,1,0,0,0,0
502,,オメガ03四層の地図,z3of/00,0,0,400,2400,2737,0,801,-100,-100,-1,0,0,0,1,0,0,1,0,0,0,0
503,,朱雀ステージの地図,e3fe/00,0,0,400,2401,2496,0,810,-100,-100,-1,0,0,0,1,0,0,1,0,0,0,0
504,,森のダンジョン9イベントの地図階層1,f1d9/01,0,337,200,23,2497,599,809,0,0,-1,0,0,0,1,0,1,1,1,0,0,0
505,,森のダンジョン9イベントの地図階層2,f1d9/02,0,338,200,23,2497,600,809,0,0,-1,0,0,0,1,0,2,1,1,0,0,0
506,,森のダンジョン9イベントの地図階層3,f1d9/03,0,339,200,23,2497,601,809,0,0,-1,0,0,0,1,0,3,1,1,0,0,0
507,,ゴールドソーサーコンテンツ02の地図,default/00,0,0,400,24,2498,0,792,0,0,-1,0,0,0,1,0,0,1,0,0,0,0
508,,オメガ03イベントの地図,default/00,0,0,100,2400,2284,0,807,0,0,-1,0,0,0,1,0,0,1,1,0,0,0
509,,オメガ03イベントの地図2,default/00,0,0,400,2400,2284,0,808,-100,-100,-1,0,0,0,1,0,0,1,1,0,0,0
510,,第一世界ダンジョン3の地図1,n4d3/01,2046,361,200,2950,3018,3018,823,0,-274,109,0,15,12,1,0,1,1,0,0,0,0
511,,第一世界ダンジョン3の地図2,n4d3/02,63488,362,200,2950,3018,3024,823,0,403,109,0,15,12,1,0,2,1,0,0,0,0
512,,RTI03の地図1,z3r3/01,6,351,200,2405,2864,2865,826,-545,-663,101,0,99,4,1,0,1,1,0,0,0,0
513,,RTI03の地図2,z3r3/02,56,352,200,2405,2864,2866,826,-600,-150,101,0,99,4,1,0,2,1,0,0,0,0
514,,RTI03の地図3,z3r3/03,192,353,200,2405,2864,2867,826,645,540,101,0,99,4,1,0,3,1,0,0,0,0
515,,エウレカ第四弾の地図,z3fd/01,8190,342,100,2405,2545,0,827,0,475,102,0,0,0,1,0,0,1,0,0,0,0
516,,青龍ステージの地図,e3fg/00,0,0,400,2401,2510,0,824,-100,-100,-1,0,0,0,1,0,0,1,0,0,0,0
517,,ギラバニアイベント7の地図1,g3e7/01,0,344,400,2400,2863,0,829,0,0,-1,0,0,0,1,0,0,1,1,0,0,0
518,,ギラバニアイベント7の地図2,g3e7/02,0,343,400,2400,2862,0,829,480,-130,-1,0,0,0,1,0,0,1,1,0,0,0
519,,RTI03の地図4,z3r3/04,256,354,200,2405,2864,2873,826,-600,600,101,0,99,4,1,0,4,1,0,0,0,0
520,,エウレカ第四弾の塔の地図1,z3fd/02,0,345,200,2405,2545,2880,827,0,-754,-1,0,0,0,1,0,0,1,0,0,0,0
521,,エウレカ第四弾の塔の地図2,z3fd/03,0,346,200,2405,2545,2881,827,0,-450,-1,0,0,0,1,0,0,1,0,0,0,0
522,,RTI03の地図5,z3r3/05,0,0,200,2405,2864,2874,826,-300,50,-1,0,0,0,1,0,0,1,0,0,0,0
523,,RTI03の地図6,z3r3/06,0,0,200,2405,2864,2875,826,600,600,-1,0,0,0,1,0,0,1,0,0,0,0
524,,エウレカ第四弾の塔の地図3,z3fd/04,0,347,200,2405,2545,2882,827,0,-450,-1,0,0,0,1,0,0,1,0,0,0,0
525,,エウレカ第四弾の塔の地図4,z3fd/05,0,348,200,2405,2545,2883,827,0,-450,-1,0,0,0,1,0,0,1,0,0,0,0
526,,エウレカ第四弾の塔の地図5,z3fd/06,0,349,200,2405,2545,2884,827,0,-450,-1,0,0,0,1,0,0,1,0,0,0,0
527,,エウレカ第四弾の塔の地図6,z3fd/07,0,350,200,2405,2545,2885,827,0,-450,-1,0,0,0,1,0,0,1,0,0,0,0
528,,第一世界ダンジョン2の地図1,n4d2/01,2046,355,200,2950,2979,2980,821,0,200,103,0,15,11,1,0,1,1,0,0,0,0
529,,第一世界ダンジョン2の地図2,n4d2/02,63488,356,200,2950,2979,2981,821,170,0,103,0,15,11,1,0,2,1,0,0,0,0
530,,第一世界ダンジョン7の地図1,n4d7/01,4094,357,200,2950,2982,2983,840,0,0,104,2,15,16,1,0,1,1,0,0,0,0
531,,第一世界ダンジョン7の地図2,n4d7/02,61440,358,200,2950,2982,2984,840,0,0,104,2,15,16,1,0,2,1,0,0,0,0
532,,第一世界ダンジョン6の地図1,n4d6/01,126,359,100,2950,2985,2986,838,0,0,105,1,15,15,1,0,1,1,0,0,0,0
533,,第一世界ダンジョン6の地図2,n4d6/02,896,360,100,2950,2985,2987,838,0,0,105,1,15,15,1,0,2,1,0,0,0,0
534,,未開放ワールドマップ ※ 未使用,world/99,0,0,100,0,0,0,0,0,0,-1,0,0,0,2,0,0,1,0,0,0,0
535,,第一世界の地図,world/02,0,382,100,3701,3701,0,0,0,0,-1,10,14,3,2,0,0,1,0,0,0,0
536,,第一世界ダンジョン5の地図1,n4d5/01,30,374,200,2950,2997,3005,822,-188,0,107,0,15,14,1,0,1,1,0,0,0,0
537,,第一世界ダンジョン5の地図2,n4d5/02,4064,375,200,2950,2997,3006,822,240,-100,107,0,15,14,1,0,2,1,0,0,0,0
538,,第一世界ダンジョン8の地図1,n4d8/01,4094,376,200,2950,3007,3015,841,0,30,108,3,15,17,1,0,1,1,0,0,0,0
539,,第一世界ダンジョン8の地図2,n4d8/02,4096,377,200,2950,3007,3016,841,0,379,108,3,15,17,1,0,2,1,0,0,0,0
540,,第一世界ダンジョン4の地図1,n4d4/01,6,378,200,2950,3028,3032,836,-65,-30,106,0,15,13,1,0,1,1,0,0,0,0
541,,第一世界ダンジョン4の地図2,n4d4/02,120,379,200,2950,3028,3033,836,-212,-220,106,0,15,13,1,0,2,1,0,0,0,0
542,,第一世界ダンジョン4の地図3,n4d4/03,16256,380,200,2950,3028,3034,836,-220,-212,106,0,15,13,1,0,3,1,0,0,0,0
543,,ノルヴラントリージョンの地図,region/10,0,369,100,2950,2950,0,0,0,0,-1,10,15,1,5,0,0,1,0,0,0,0
544,,第一世界ダンジョン1の地図,n4d1/00,1022,381,200,2950,3050,0,837,0,0,111,0,15,10,1,0,0,1,0,0,0,0
545,,湖のイベント部屋5,l1e5/00,0,386,400,26,3221,0,842,0,0,-1,0,0,0,1,0,0,1,1,0,0,0
546,,クリスタリウム自室,n4ti/00,0,390,800,2950,3222,0,843,0,0,-1,0,0,0,1,0,0,1,0,0,0,0
547,,召喚の間,n4e1/00,0,385,400,2950,3223,0,844,0,0,-1,0,0,0,1,0,0,1,1,0,0,0
548,,双剣士部屋,s1t2/02,0,0,400,22,1427,0,129,151,-266,-1,0,0,0,1,0,0,1,1,0,0,0
549,,忍者部屋,s1f3/02,0,0,400,22,1428,0,137,25,-258,-1,0,0,0,1,0,0,1,1,0,0,0
550,,アム・アレーン坑道,default/00,0,0,100,2950,3226,0,815,461,560,-1,0,0,0,1,0,0,1,0,0,0,0
551,,ラケティカ遺跡,default/00,0,0,100,2950,3227,0,817,120,768,-1,0,0,0,1,0,0,1,0,0,0,0
552,,ビッグボス戦前,default/00,0,383,100,2950,3219,0,880,-109,-690,-1,0,0,0,1,0,0,1,1,0,0,0
553,,ロンカ遺跡,default/00,0,0,100,2950,3228,0,859,0,0,-1,0,0,0,1,0,0,1,0,0,0,0
554,,第一世界街2の地図2,n4t2/02,0,372,200,2950,2952,3260,820,0,0,-1,0,15,9,1,0,2,1,0,0,0,0
555,,第一世界街2の地図3,n4t2/03,0,373,200,2950,2952,3261,820,0,0,-1,0,15,9,1,0,3,1,0,0,0,0
556,,ティターニアステージの地図,n4fa/00,0,0,400,2950,3218,0,845,-100,-100,-1,0,0,0,1,0,0,1,0,0,0,0
557,,ビッグボスステージの地図,n4fb/00,0,0,400,2950,3219,0,846,-100,-100,-1,0,0,0,1,0,0,1,0,0,0,0
558,,ハーデスステージの地図,n4fc/00,0,384,400,2950,3220,0,847,-100,-100,-1,0,0,0,1,0,0,1,0,0,0,0
559,,エデン01_01層の地図,n4g1/00,0,0,400,2950,3214,0,849,-100,-100,-1,0,0,0,1,0,0,1,0,0,0,0
560,,エデン01_02層の地図,n4g2/00,0,0,400,2950,3215,0,850,-100,-100,-1,0,0,0,1,0,0,1,0,0,0,0
561,,エデン01_03層の地図,n4g3/00,0,0,400,2950,3216,0,851,-100,-100,-1,0,0,0,1,0,0,1,0,0,0,0
562,,エデン01_04層の地図,n4g4/00,0,0,400,2950,3217,0,852,-100,-100,-1,0,0,0,1,0,0,1,0,0,0,0
563,,トレジャーハンターダンジョン04の地図,default/00,0,0,100,2405,3229,0,879,0,0,-1,0,0,0,1,0,0,1,0,0,0,0
564,,エデンイベント1の地図,default/00,0,0,100,2950,3214,0,857,0,0,-1,0,0,0,1,0,0,1,1,0,0,0
565,,エデンイベント2の地図,n4gz/00,0,387,400,2950,3225,0,878,0,0,-1,0,0,0,1,0,0,1,1,0,0,0
566,,ハーデスステージ2の地図,n4fd/00,0,0,400,2950,3220,0,885,-100,-100,-1,0,0,0,1,0,0,1,0,0,0,0
567,,第一世界ダンジョン9の地図1,n4d9/00,8190,392,200,2950,3385,0,884,0,0,112,0,15,18,1,0,0,1,0,0,0,0
568,,フロントライン5の地図,e3p1/00,0,391,100,2401,3378,0,888,0,0,-1,0,0,0,1,0,0,1,0,0,0,0
569,,YTC01の地図1,n4r1/01,254,394,200,2950,3425,3395,882,610,70,113,0,15,19,1,0,1,1,0,1,0,0
570,,YTC01の地図2,n4r1/02,256,395,200,2950,3425,3396,882,805,240,113,0,15,19,1,0,2,1,0,1,0,0
571,,YTC01の地図3,n4r1/03,7680,396,200,2950,3425,3397,882,742,-584,113,0,15,19,1,0,3,1,0,1,0,0
572,,YTC01の地図4,n4r1/04,57344,397,200,2950,3425,3398,882,-900,-672,113,0,15,19,1,0,4,1,0,1,0,0
573,,絶蛮神ステージ03の地図,d2az/00,0,0,400,2405,3017,0,887,-100,-100,-1,0,0,0,1,0,0,1,0,0,0,0
574,,HWDの地図,r1hx/00,0,430,200,25,3435,0,886,0,0,-1,0,0,0,1,0,0,1,0,0,0,0
575,,YTC遺跡前洞窟イベント部屋の地図,n4e8/01,0,398,400,2950,3427,0,895,0,0,-1,0,0,0,1,0,0,1,1,0,0,0
576,,フェアリーデイリークエスト用の地図01,n4e9/10,0,402,400,2950,3428,0,889,-12,50,-1,0,0,0,1,0,0,1,1,0,0,0
577,,5.1メインクエストQICの地図,default/00,0,0,100,2405,3429,0,893,0,0,-1,0,0,0,1,0,0,1,0,0,0,0
578,,YTC01のイベント部屋の地図1,n4r1/01,254,399,200,2950,3441,3437,896,610,70,113,0,0,0,1,0,1,1,1,1,0,0
579,,YTC01のイベント部屋の地図2,n4r1/02,256,0,200,2950,3441,3438,896,805,240,113,0,0,0,1,0,0,1,1,1,0,0
580,,YTC01のイベント部屋の地図3,n4r1/03,7680,400,200,2950,3441,3439,896,742,-584,113,0,0,0,1,0,2,1,1,1,0,0
581,,YTC01のイベント部屋の地図4,n4r1/04,57344,401,200,2950,3441,3440,896,-900,-672,113,0,0,0,1,0,3,1,1,1,0,0
582,,フェアリーデイリークエスト用の地図04,n4e9/40,0,402,400,2950,3428,0,892,-12,50,-1,0,0,0,1,0,0,1,1,0,0,0
583,,ルビーウェポン戦のステージの地図,n4fe/00,0,0,400,2400,3442,0,897,-100,-100,-1,0,0,0,1,0,0,1,0,0,0,0
584,,イシュガルド復興用空島の地図,a2fx/00,134217726,409,100,497,1647,0,901,0,0,17,0,0,0,1,0,0,0,0,1,0,0
585,,第一世界ダンジョン10の地図1,n4da/01,2,406,200,2950,3467,3466,898,100,-390,114,0,15,20,1,0,1,1,0,0,0,0
586,,第一世界ダンジョン10の地図2,n4da/02,508,407,200,2950,3467,3490,898,0,0,114,0,15,20,1,0,2,1,0,0,0,0
587,,HWDの地図_521_1,r1hx/21,0,411,200,25,3435,0,886,0,0,-1,0,0,0,1,0,0,1,0,0,0,0
588,,HWDの地図_521_2,r1hx/22,0,411,200,25,3435,0,886,0,0,-1,0,0,0,1,0,0,1,0,0,0,0
589,,エデン02_01層の地図,n4g5/00,0,0,400,2950,3468,0,902,-100,-100,-1,0,0,0,1,0,0,1,0,0,0,0
590,,エデン02_02層の地図,n4g6/00,0,0,400,2950,3469,0,903,-100,-100,-1,0,0,0,1,0,0,1,0,0,0,0
591,,エデン02_03層の地図,n4g7/00,0,0,400,2950,3470,0,904,-100,-100,-1,0,0,0,1,0,0,1,0,0,0,0
592,,第一世界ダンジョン11の地図1,n4db/01,14,403,200,2950,3511,3512,916,626,-611,116,0,15,21,1,0,1,1,0,0,0,0
593,,第一世界ダンジョン11の地図2,n4db/02,240,404,200,2950,3511,3513,916,608,648,116,0,15,21,1,0,2,1,0,0,0,0
594,,第一世界ダンジョン11の地図3,n4db/03,7936,405,200,2950,3511,3514,916,-567,-488,116,0,15,21,1,0,3,1,0,0,0,0
595,,第一世界ダンジョン10の地図3,n4da/03,512,408,200,2950,3467,3491,898,0,425,114,0,15,20,1,0,3,1,0,0,0,0
596,,HWDの地図_521_3,r1hx/23,0,411,200,25,3435,0,886,0,0,-1,0,0,0,1,0,0,1,0,0,0,0
597,,HWDの地図_521_4,r1hx/24,0,411,200,25,3435,0,886,0,0,-1,0,0,0,1,0,0,1,0,0,0,0
598,,5.2メインクエストQICの地図,default/00,0,0,100,2405,3471,0,914,0,0,-1,0,0,0,1,0,0,1,0,0,0,0
599,,エデン02_04層の地図,n4g8/01,0,0,400,2950,3487,0,905,-100,-100,-1,0,0,0,1,0,0,1,0,0,0,0
600,,5.2MYC_QICの地図,default/00,0,0,100,2405,3479,0,911,0,0,-1,0,0,0,1,0,0,1,0,0,0,0
601,,ゴールドソーサーコンテンツ03の地図,default/00,0,0,400,22,2527,0,899,0,0,-1,0,0,0,1,0,0,1,0,0,0,0
602,,エデン02_04層の地図02,n4g8/02,0,0,400,2950,3488,0,905,-100,-165,-1,0,0,0,1,0,0,1,0,0,0,0
603,,レジスタンスキャンプの地図,n4ea/00,0,410,400,2405,3478,0,915,0,0,-1,0,0,0,1,0,0,1,1,0,0,0
604,,IKDの地図,o1a1/00,0,413,400,2405,3477,0,900,0,0,-1,0,0,0,1,0,0,1,0,0,0,0
605,,HWDの地図_521_5,r1hx/24,0,412,200,25,3435,0,886,0,0,-1,0,0,0,1,0,0,1,0,0,0,0
606,,ボズヤフィールドの地図1,n4b4/01,16382,418,100,2405,3534,0,920,-127,-424,117,0,0,0,1,0,0,1,0,0,0,0
607,,極ヴァリス戦のステージの地図,n4b2/00,0,0,400,2405,3486,0,913,-35,683,-1,0,0,0,1,0,0,1,0,0,0,0
608,,YTC02の地図1,n4r2/01,30,424,200,2950,3492,3493,917,290,-190,115,0,15,22,1,0,1,1,0,1,0,0
609,,YTC02の地図2,n4r2/02,992,425,200,2950,3492,3494,917,290,200,115,0,15,22,1,0,2,1,0,1,0,0
610,,YTC02の地図3,n4r2/03,1024,426,200,2950,3492,3495,917,-200,100,115,0,15,22,1,0,3,1,0,1,0,0
611,,YTC02の地図4,n4r2/04,63488,427,200,2950,3492,3496,917,-200,460,115,0,15,22,1,0,4,1,0,1,0,0
612,,ウォーリアオブライト戦のステージの地図01,n4ff/01,0,0,400,2405,3568,0,922,-100,-100,-1,0,0,0,1,0,0,1,0,0,0,0
613,,ウォーリアオブライト戦のステージの地図02,default/00,0,0,400,2405,3569,0,922,-100,-800,-1,0,0,0,1,0,0,1,0,0,0,0
614,,YTC遺跡前洞窟イベント部屋の地図02,n4e8/02,0,419,400,2950,3572,0,895,50,118,-1,0,0,0,1,0,0,1,1,0,0,0
615,,HWDの地図_531_1,r1hx/31,0,422,200,25,3435,0,886,0,0,-1,0,0,0,1,0,0,1,0,0,0,0
616,,ボズヤフィールドの地図2,n4b4/02,0,420,200,2405,3535,0,920,-80,492,-1,0,0,0,1,0,0,1,0,0,0,0
617,,ウェルリトの地図,n4eb/01,0,421,400,2405,3571,0,919,2,-27,-1,0,0,0,1,0,0,1,1,0,0,0
618,,サファイアウェポン戦の地図,n4eb/02,0,0,400,2405,3570,0,926,15,-610,-1,0,0,0,1,0,0,1,0,0,0,0
619,,モードゥナ石の家の地図2,l1e1/02,0,423,400,26,481,0,351,60,-20,-1,0,0,0,1,0,0,1,1,0,0,0
620,,HWDの地図_531_2,r1hx/32,0,422,200,25,3435,0,886,0,0,-1,0,0,0,1,0,0,1,0,0,0,0
621,,HWDの地図_531_3,r1hx/33,0,422,200,25,3435,0,886,0,0,-1,0,0,0,1,0,0,1,0,0,0,0
622,,HWDの地図_531_4,r1hx/34,0,422,200,25,3435,0,886,0,0,-1,0,0,0,1,0,0,1,0,0,0,0
623,,YTC02のイベント部屋の地図1,n4r2/01,30,414,200,2950,3576,3493,928,290,-190,115,0,0,0,1,0,1,1,1,1,0,0
624,,YTC02のイベント部屋の地図2,n4r2/02,992,415,200,2950,3576,3494,928,290,200,115,0,0,0,1,0,2,1,1,1,0,0
625,,YTC02のイベント部屋の地図3,n4r2/03,1024,416,200,2950,3576,3495,928,-200,100,115,0,0,0,1,0,3,1,1,1,0,0
626,,YTC02のイベント部屋の地図4,n4r2/04,63488,417,200,2950,3576,3496,928,-200,460,115,0,0,0,1,0,4,1,1,1,0,0
627,,ドラヴァニアダンジョン10の地図1,d4d1/01,6,431,200,498,3590,3594,933,0,-75,118,0,15,23,1,0,1,1,0,0,0,0
628,,ドラヴァニアダンジョン10の地図2,d4d1/02,56,432,200,498,3590,3591,933,180,0,118,0,15,23,1,0,2,1,0,0,0,0
629,,ドラヴァニアダンジョン10の地図3,d4d1/03,960,433,200,498,3590,3592,933,0,150,118,0,15,23,1,0,3,1,0,0,0,0
630,,ドラヴァニアダンジョン10の地図4,d4d1/04,1024,434,200,498,3590,3587,933,0,150,118,0,15,23,1,0,4,1,0,0,0,0
631,,エデン03_01層の地図,n4g9/00,0,0,400,2950,3596,0,942,-100,-100,-1,0,0,0,1,0,0,1,0,0,0,0
632,,エデン03_04層の地図1,n4gc/01,0,0,400,2950,3635,0,945,-71,23,-1,0,0,0,1,0,0,1,0,0,0,0
633,,エデン03_04層の地図2,n4gc/02,0,0,400,2950,3635,0,945,-44,-60,-1,0,0,0,1,0,0,1,0,0,0,0
634,,エデン03_04層の地図3,n4gc/03,0,0,400,2950,3635,0,945,44,-60,-1,0,0,0,1,0,0,1,0,0,0,0
635,,エデン03_04層の地図4,n4gc/04,0,0,400,2950,3635,0,945,71,23,-1,0,0,0,1,0,0,1,0,0,0,0
636,,エデン03_04層の地図5,n4gc/05,0,0,400,2950,3635,0,945,0,75,-1,0,0,0,1,0,0,1,0,0,0,0
637,,エデン03_02層の地図,n4ga/00,0,0,400,2950,3620,0,943,-100,-100,-1,0,0,0,1,0,0,1,0,0,0,0
638,,エメラルドウェポン戦のステージの地図,n4fg/00,0,0,400,24,3581,0,934,-100,-100,-1,0,0,0,1,0,0,1,0,0,0,0
639,,ドラヴァニアダンジョン10の地図5,d4d1/05,30720,435,200,498,3590,3593,933,-150,5,118,0,15,23,1,0,5,1,0,0,0,0
640,,トレジャーハンターダンジョン05の地図,n4c2/00,0,0,400,2405,3644,0,924,-100,-100,-1,0,0,0,1,0,0,1,0,0,0,0
641,,MYCボズヤレイドの地図1,n4b5/01,30,436,200,2405,3597,3598,936,0,-378,119,0,0,0,1,0,1,1,0,1,0,0
642,,MYCボズヤレイドの地図2,n4b5/02,480,437,200,2405,3597,3599,936,-264,286,119,0,0,0,1,0,2,1,0,1,0,0
643,,MYCボズヤレイドの地図3,n4b5/03,7680,438,200,2405,3597,3600,936,270,250,119,0,0,0,1,0,3,1,0,1,0,0
644,,MYCボズヤレイドの地図4,n4b5/04,0,439,200,2405,3597,3609,936,416,178,-1,0,0,0,1,0,0,1,0,0,0,0
645,,MYCボズヤレイドの地図5,n4b5/05,0,440,200,2405,3597,3604,936,164,-96,-1,0,0,0,1,0,0,1,0,0,0,0
646,,MYCボズヤレイドの地図6,n4b5/06,0,441,200,2405,3597,3602,936,270,-404,-1,0,0,0,1,0,0,1,0,0,0,0
647,,MYCボズヤレイドの地図7,n4b5/07,0,442,200,2405,3597,3603,936,-300,-378,-1,0,0,0,1,0,0,1,0,0,0,0
648,,HWDの地図_541_1,default/00,0,0,200,25,3435,0,886,0,0,-1,0,0,0,1,0,0,1,0,0,0,0
649,,HWDの地図_541_2,r1hx/42,0,428,200,25,3435,0,886,0,0,-1,0,0,0,1,0,0,1,0,0,0,0
650,,HWDの地図_541_3,r1hx/43,0,428,200,25,3435,0,886,0,0,-1,0,0,0,1,0,0,1,0,0,0,0
651,,HWDの地図_541_4,r1hx/44,0,428,200,25,3435,0,886,0,0,-1,0,0,0,1,0,0,1,0,0,0,0
652,,HWDの地図_541_5,r1hx/45,0,428,200,25,3435,0,886,0,0,-1,0,0,0,1,0,0,1,0,0,0,0
653,,HWDの地図_541_6,r1hx/46,0,428,200,25,3435,0,886,0,0,-1,0,0,0,1,0,0,1,0,0,0,0
654,,HWDの地図_541_7,r1hx/47,0,430,200,25,3435,0,886,0,0,-1,0,0,0,1,0,0,1,0,0,0,0
655,,ボズヤレイド1のイベントマップの地図,default/00,0,0,200,2405,3542,0,964,0,-750,-1,0,0,0,1,0,0,1,1,0,0,0
656,,エデン03_03層の地図,n4gb/00,0,0,400,2950,3595,0,944,-100,-100,-1,0,0,0,1,0,0,1,0,0,0,0
657,,エメラルドウェポン戦イベント部屋の地図,default/00,0,429,400,24,3581,0,967,-100,-100,-1,0,0,0,1,0,0,1,1,0,0,0
658,,エデンイベント2の地図_2,n4gz/00,0,443,400,2950,3225,0,965,0,0,-1,0,0,0,1,0,0,1,1,0,0,0
659,,YTC03の地図1,n4r3/01,546,447,200,2950,3647,3648,966,808,-772,123,0,15,24,1,0,1,1,0,0,0,0
660,,YTC03の地図2,n4r3/02,28,448,200,2950,3647,3649,966,792,810,123,0,15,24,1,0,2,1,0,0,0,0
661,,YTC03の地図3,n4r3/03,448,449,200,2950,3647,3650,966,-801,785,123,0,15,24,1,0,3,1,0,0,0,0
662,,YTC03の地図4,n4r3/04,3072,450,200,2950,3647,3651,966,-798,-760,123,0,15,24,1,0,4,1,0,0,0,0
663,,YTC03の地図5,n4r3/05,4096,451,200,2950,3647,3652,966,700,700,123,0,15,24,1,0,5,1,0,0,0,0
664,,YTC03の地図6,n4r3/06,0,0,200,2950,3647,3653,966,0,89,-1,0,0,0,1,0,0,1,0,0,0,0
665,,ボズヤフィールド2の地図1,n4b6/01,32766,446,100,2405,3662,0,975,0,0,122,0,0,0,1,0,0,1,0,0,0,0
666,,荒野ダンジョン9の地図1,w4d1/01,254,444,200,24,2936,2937,938,415,-110,120,0,3,18,1,0,1,1,0,0,0,0
667,,荒野ダンジョン9の地図2,w4d1/02,768,445,200,24,2936,2938,938,-450,85,120,0,3,18,1,0,2,1,0,0,0,0
668,,YTC03の地図7,n4r3/07,0,0,200,2950,3647,3653,966,0,-401,-1,0,0,0,1,0,0,1,0,0,0,0
669,,YTC03の地図8,n4r3/08,0,0,200,2950,3647,3653,966,0,-901,-1,0,0,0,1,0,0,1,0,0,0,0
670,,ダイヤウェポン戦のステージの地図,n4fh/00,6,0,400,2405,3663,0,950,-100,-100,121,0,0,0,1,0,0,1,0,0,0,0
671,,ダイヤウェポン戦イベント部屋の地図,default/00,0,452,400,2405,3663,0,991,-100,-100,-1,0,0,0,1,0,0,1,1,0,0,0
672,,ボズヤフィールド2の地図2,n4b6/02,0,453,200,2405,3662,0,975,-222,654,-1,0,0,0,1,0,0,1,0,0,0,0
673,,ボズヤフィールド2の地図3,n4b6/03,0,454,200,2405,3682,0,975,-632,-204,-1,0,0,0,1,0,0,1,0,0,0,0
674,,ボズヤフィールド2の地図4,n4b6/04,0,455,200,2405,3682,0,975,-650,336,-1,0,0,0,1,0,0,1,0,0,0,0
675,,ボズヤフィールド2の地図5,n4b6/05,0,456,200,2405,3682,0,975,718,702,-1,0,0,0,1,0,0,1,0,0,0,0
676,,GDX戦の地図,u5fa/00,0,0,400,3704,3684,0,992,-100,-100,-1,0,0,0,1,0,0,1,0,0,0,0
677,,GDY戦の地図,k5fa/00,0,0,400,3702,3685,0,995,-100,-100,-1,0,0,0,1,0,0,1,0,0,0,0
678,,GDZ戦の地図,u5fb/00,0,0,400,3704,3686,0,997,-100,-100,-1,0,0,0,1,0,0,1,0,0,0,0
679,MAP_MOUNTAIN_HOUSING_01,イシュガルドハウジングの地図,r1h1/01,0,463,200,25,4139,3687,979,0,0,-1,0,4,4,1,0,1,1,0,0,0,0
680,MAP_MOUNTAIN_HOUSING_02,イシュガルドハウジングの地図02,r1h1/02,0,464,200,25,4139,3688,979,702,655,-1,0,4,4,1,0,2,1,0,0,0,0
681,,イシュガルドハウジングアパルトメントロビー1の地図,r1i6/00,0,465,400,25,3694,0,985,0,0,-1,0,0,0,1,0,0,1,0,0,0,0
682,,イシュガルドハウジング室内S1の地図階層1,r1i1/01,0,0,400,25,3689,1147,980,0,0,-1,0,0,0,1,0,1,1,0,0,0,0
683,,イシュガルドハウジング室内S1の地図階層2,r1i1/02,0,0,400,25,3689,1148,980,0,0,-1,0,0,0,1,0,2,1,0,0,0,0
684,,イシュガルドハウジング室内M1の地図階層1,r1i2/01,0,0,400,25,3690,1109,981,0,0,-1,0,0,0,1,0,2,1,0,0,0,0
685,,イシュガルドハウジング室内M1の地図階層2,r1i2/02,0,0,400,25,3690,1110,981,0,0,-1,0,0,0,1,0,1,1,0,0,0,0
686,,イシュガルドハウジング室内M1の地図階層3,r1i2/03,0,0,400,25,3690,1111,981,0,0,-1,0,0,0,1,0,3,1,0,0,0,0
687,,イシュガルドハウジング室内L1の地図階層1,r1i3/01,0,0,400,25,3691,1112,982,0,0,-1,0,0,0,1,0,2,1,0,0,0,0
688,,イシュガルドハウジング室内L1の地図階層2,r1i3/02,0,0,400,25,3691,1113,982,0,0,-1,0,0,0,1,0,1,1,0,0,0,0
689,,イシュガルドハウジング室内L1の地図階層3,r1i3/03,0,0,400,25,3691,1114,982,0,0,-1,0,0,0,1,0,3,1,0,0,0,0
690,,イシュガルドハウジング地下工房1の地図,r1i5/00,0,0,400,25,3693,0,984,0,0,-1,0,0,0,1,0,0,1,0,0,0,0
691,,イシュガルドハウジング個室の地図1,r1i4/00,0,0,400,25,3692,0,983,0,0,-1,0,0,0,1,0,0,1,0,0,0,0
692,,イシュガルドハウジングアパルトメント部屋1の地図,r1i4/00,0,0,400,25,3695,0,999,0,0,-1,0,0,0,1,0,0,1,0,0,0,0
693,,北洋地域街1の地図,k5t1/00,0,475,200,3702,3706,0,962,0,0,-1,0,16,2,1,0,0,1,0,0,0,0
694,,中央エリア街1の地図,m5t1/00,0,476,200,3703,3707,0,963,0,0,-1,0,17,2,1,0,0,1,0,0,0,0
695,,北洋地域フィールド1の地図,k5f1/00,2147483646,477,100,3702,3708,0,956,0,0,30,0,16,3,1,0,0,0,0,0,0,0
696,,中央エリアフィールド1の地図,m5f1/00,536870910,478,100,3703,3709,0,957,0,0,31,0,17,3,1,0,0,0,0,0,0,0
697,,中央エリアフィールド2の地図,m5f2/00,268435454,479,100,3703,3710,0,958,0,0,32,0,17,4,1,0,0,0,0,1,0,0
698,,宇宙フィールド1の地図,u5f1/00,134217726,480,100,3704,3711,0,959,0,0,33,7,18,2,1,0,0,0,0,0,0,0
699,,宇宙フィールド2の地図,u5f2/00,2147483646,481,100,3704,3712,0,960,0,0,34,8,18,3,1,0,0,0,0,1,0,0
700,,古代フィールド1の地図,n5f1/00,536870910,482,100,3705,3713,0,961,0,0,35,9,19,2,1,0,0,0,0,0,0,0
701,,中央エリアダンジョン1の地図01,m5d1/01,30,457,200,3703,3736,3737,952,-50,-50,124,12,17,5,1,0,1,1,0,0,0,0
702,,中央エリアダンジョン1の地図02,m5d1/02,480,458,200,3703,3736,3738,952,290,-80,124,12,17,5,1,0,2,1,0,0,0,0
703,,中央エリアダンジョン1の地図03,m5d1/03,3584,459,200,3703,3736,3739,952,20,50,124,12,17,5,1,0,3,1,0,0,0,0
704,,森のダンジョン11の地図階層1,f1db/01,0,483,200,23,3696,4147,994,20,10,-1,0,0,0,1,0,1,1,0,0,0,0
705,,森のダンジョン11の地図階層2,f1db/02,0,484,200,23,3696,4148,994,-480,-50,-1,0,0,0,1,0,2,1,0,0,0,0
706,,宇宙ダンジョン2の地図01,u5d2/01,30,466,200,3704,3770,3771,976,-22,-42,126,18,18,5,1,0,1,1,0,0,0,0
707,,宇宙ダンジョン2の地図02,u5d2/02,8160,467,200,3704,3770,3772,976,-9,0,126,18,18,5,1,0,2,1,0,0,0,0
708,,宇宙ダンジョン2の地図03,u5d2/03,57344,468,200,3704,3770,3773,976,-45,-88,126,18,18,5,1,0,3,1,0,0,0,0
709,,パンデモニウム01_01層の地図,n5r1/00,0,0,400,3705,3769,0,1002,-100,-100,-1,0,0,0,1,0,0,1,0,0,0,0
710,,エルピスダンジョン1の地図01,n5d1/01,30,469,200,3705,3759,3760,974,40,-150,127,15,19,3,1,0,1,1,0,0,0,0
711,,エルピスダンジョン1の地図02,n5d1/02,2016,470,200,3705,3759,3761,974,40,-70,127,15,19,3,1,0,2,1,0,0,0,0
712,,エルピスダンジョン1の地図03,n5d1/03,6144,471,200,3705,3759,3762,974,0,-43,127,15,19,3,1,0,3,1,0,0,0,0
713,,エルピスダンジョン1の地図04,n5d1/04,8192,472,200,3705,3759,4084,974,-25,40,127,15,19,3,1,0,4,1,0,0,0,0
714,,エルピスダンジョン1の地図05,n5d1/05,16384,473,200,3705,3759,4085,974,30,-25,127,15,19,3,1,0,5,1,0,0,0,0
715,,エルピスダンジョン1の地図06,n5d1/06,32768,474,200,3705,3759,4086,974,0,50,127,15,19,3,1,0,6,1,0,0,0,0
716,,宇宙ダンジョン3の地図01,u5d3/01,30,460,200,3704,3783,3784,986,144,-14,125,19,18,6,1,0,1,1,0,0,0,0
717,,宇宙ダンジョン3の地図02,u5d3/02,480,461,200,3704,3783,3785,986,0,-150,125,19,18,6,1,0,2,1,0,0,0,0
718,,宇宙ダンジョン3の地図03,u5d3/03,7680,462,200,3704,3783,3786,986,0,-150,125,19,18,6,1,0,3,1,0,0,0,0
719,,北洋地域ダンジョンの地図01,k5d1/01,30,503,200,3702,4146,3995,978,8,-501,129,16,16,4,1,0,1,1,0,0,0,0
720,,北洋地域ダンジョンの地図02,k5d1/02,480,504,200,3702,4146,3996,978,12,-285,129,16,16,4,1,0,2,1,0,0,0,0
721,,北洋地域ダンジョンの地図03,k5d1/03,32256,505,200,3702,4146,3997,978,18,317,129,16,16,4,1,0,3,1,0,0,0,0
722,,パンデモニウム01_03層の地図,n5r3/00,0,0,400,3705,3797,0,1006,-100,-100,-1,0,0,0,1,0,0,1,0,0,0,0
723,,中央エリアダンジョン2の地図01,m5d2/01,2,492,200,3703,4118,4119,969,270,-300,131,13,17,6,1,0,1,1,0,0,0,0
724,,中央エリアダンジョン2の地図02,m5d2/02,4,493,200,3703,4118,4120,969,300,-130,131,13,17,6,1,0,2,1,0,0,0,0
725,,中央エリアダンジョン2の地図03,m5d2/03,8,494,200,3703,4118,4121,969,-400,200,131,13,17,6,1,0,3,1,0,0,0,0
726,,中央エリアダンジョン2の地図04,m5d2/04,112,495,200,3703,4118,4122,969,-230,-250,131,13,17,6,1,0,4,1,0,0,0,0
727,,中央エリアダンジョン2の地図05,m5d2/05,896,496,200,3703,4118,4123,969,0,100,131,13,17,6,1,0,5,1,0,0,0,0
728,,中央エリアダンジョン2の地図06,m5d2/06,0,497,200,3703,4118,4134,969,0,400,-1,13,0,0,1,0,0,1,0,0,0,0
729,,トレジャーハンターダンジョン06の地図,default/00,0,0,100,3704,4111,0,1000,0,0,-1,0,0,0,1,0,0,1,0,0,0,0
730,,パンデモニウム01_02層の地図,n5r2/00,0,0,400,3705,3798,0,1004,-100,-100,-1,0,0,0,1,0,0,1,0,0,0,0
731,,パンデモニウム01_04層の地図,n5r4/00,0,0,400,3705,4135,0,1008,-100,-100,-1,0,0,0,1,0,0,1,0,0,0,0
732,,北洋地域リージョンの地図,region/11,0,485,100,3702,3702,0,0,0,0,-1,11,16,1,3,0,0,1,0,0,0,0
733,,イルサバードリージョンの地図,region/12,0,486,100,3703,3703,0,0,0,0,-1,11,17,1,3,0,0,1,0,0,0,0
734,,宇宙リージョンの地図,region/13,0,487,100,3704,3704,0,0,0,0,-1,7,18,1,3,0,0,1,0,0,0,0
735,,古代リージョンの地図,region/14,0,488,100,3705,3705,0,0,0,0,-1,9,19,1,5,0,0,1,0,0,0,0
736,,宇宙ダンジョン1の地図01,u5d1/01,14,498,200,3704,4100,4101,973,-310,15,128,17,18,4,1,0,1,1,0,0,0,0
737,,宇宙ダンジョン1の地図02,u5d1/02,112,499,200,3704,4100,4102,973,40,70,128,17,18,4,1,0,2,1,0,0,0,0
738,,宇宙ダンジョン1の地図03,u5d1/03,896,500,200,3704,4100,4103,973,300,-60,128,17,18,4,1,0,3,1,0,0,0,0
739,,中央エリアダンジョン3の地図01,m5d3/01,510,501,200,3703,4015,4015,970,280,8,130,14,17,7,1,0,1,1,0,0,0,0
740,,中央エリアダンジョン3の地図02,m5d3/02,32256,502,200,3703,4015,4020,970,-307,-77,130,14,17,7,1,0,2,1,0,0,0,0
741,,荒野イベント部屋Jの地図,w1ej/00,0,506,400,24,4022,0,971,0,0,-1,0,0,0,1,0,0,1,1,0,0,0
742,,北洋地域イベント部屋1の地図,k5e1/00,0,508,400,3702,3817,0,987,0,0,-1,0,0,0,1,0,0,1,1,0,0,0
743,,北洋地域自室の地図,k5ti/00,0,489,400,3702,3818,0,990,0,0,-1,0,0,0,1,0,0,1,0,0,0,0
744,,山2イベント10の地図,r2ea/00,0,507,400,25,4023,0,1001,0,0,-1,0,0,0,1,0,0,1,1,0,0,0
745,,マグナ・グラキエスの地図,default/00,0,0,100,3703,3924,0,1010,0,0,-1,0,0,0,1,0,0,1,0,0,0,0
746,,天の最果ての地図,default/00,0,0,100,3704,4021,0,1026,-100,-100,-1,0,0,0,1,0,0,1,1,0,0,0
747,,中央エリアイベント部屋3の地図,default/00,0,490,100,3703,4024,0,1024,0,0,-1,0,0,0,1,0,0,1,1,0,0,0
748,,パンデモニウム00の地図,default/00,0,491,100,3705,4033,0,1025,-100,-100,-1,0,0,0,1,0,0,1,1,0,0,0
749,,古代のイベント部屋1の地図,default/00,0,0,100,3705,3926,0,1031,0,0,-1,0,0,0,1,0,0,1,1,0,0,0
750,,中央エリアフィールド2のQIC用地図,m5f2/00,268435454,479,100,3703,3710,0,958,0,0,32,0,0,0,1,0,0,0,0,1,0,0
751,,宇宙フィールド2のイベント部屋の地図,u5f2/00,2147483646,481,100,3704,3712,0,960,0,0,34,0,0,0,1,0,0,0,1,1,0,0
752,,中央エリアダンジョン4の地図01,m5d4/01,14,509,200,3703,4154,4155,1050,15,0,132,0,20,0,1,0,1,1,0,0,0,0
753,,中央エリアダンジョン4の地図02,m5d4/02,1008,510,200,3703,4154,4156,1050,0,50,132,0,20,0,1,0,2,1,0,0,0,0
754,,中央エリアダンジョン4の地図03,m5d4/03,64512,511,200,3703,4154,4157,1050,-15,0,132,0,20,0,1,0,3,1,0,0,0,0
755,,MoE01の地図1,z5r1/01,254,512,200,2405,4167,4168,1054,-80,-550,133,0,99,5,1,0,1,1,0,0,0,0
756,,MoE01の地図2,z5r1/02,7936,513,200,2405,4167,4169,1054,750,650,133,0,99,5,1,0,2,1,0,0,0,0
757,,MoE01の地図3,z5r1/03,8192,514,200,2405,4167,4170,1054,-750,750,133,0,99,5,1,0,3,1,0,0,0,0
758,MAP_DRAGONSONG_WAR_STAGE_01,絶竜詩戦争ステージの地図1,r1fz/01,0,0,400,25,4098,0,968,-100,-100,-1,0,0,0,1,0,0,1,0,0,0,0
759,,MKSコロセウムの地図,s5p1/00,0,0,400,2405,4090,0,1032,0,0,-1,0,0,0,1,0,0,1,0,0,0,0
760,,MKS火山の地図,s5p2/00,0,0,400,2405,4091,0,1033,0,0,-1,0,0,0,1,0,0,1,0,0,0,0
761,,MKS渓谷の地図,s5p3/00,0,0,400,2405,4092,0,1034,0,0,-1,0,0,0,1,0,0,1,0,0,0,0
762,,無人島開拓の地図,h1m2/00,0,0,100,2405,0,0,1055,0,0,-1,0,0,0,1,0,0,1,0,0,0,0
763,,荒野のダンジョン5の地図08,w1d5/08,0,0,400,24,457,0,1048,772,600,-1,0,0,0,1,0,0,1,1,0,0,0
764,,荒野のダンジョン5の地図09,w1d5/09,0,0,400,24,4032,0,1048,704,-480,-1,0,0,0,1,0,0,1,1,0,0,0
765,MAP_DRAGONSONG_WAR_STAGE_02,絶竜詩戦争ステージの地図2,r1fz/02,0,0,400,25,4099,0,968,-100,-100,-1,0,0,0,1,0,0,1,0,0,0,0
766,,MOEイベントマップの地図,z5e1/00,0,515,400,2405,4031,0,1061,0,0,-1,0,0,0,1,0,0,1,1,0,0,0
767,,シャーレアンの禁書庫の地図,k5e4/00,0,522,400,3702,4034,0,1057,0,0,-1,0,0,0,1,0,0,1,1,0,0,0
768,,,,0,0,100,0,0,0,0,0,0,-1,0,0,0,0,0,0,1,0,0,0,0
769,,,,0,0,100,0,0,0,0,0,0,-1,0,0,0,0,0,0,1,0,0,0,0
770,,,,0,0,100,0,0,0,0,0,0,-1,0,0,0,0,0,0,1,0,0,0,0
771,,,,0,0,100,0,0,0,0,0,0,-1,0,0,0,0,0,0,1,0,0,0,0
772,,,,0,0,100,0,0,0,0,0,0,-1,0,0,0,0,0,0,1,0,0,0,0
773,,,,0,0,100,0,0,0,0,0,0,-1,0,0,0,0,0,0,1,0,0,0,0
774,,,,0,0,100,0,0,0,0,0,0,-1,0,0,0,0,0,0,1,0,0,0,0
775,,,,0,0,100,0,0,0,0,0,0,-1,0,0,0,0,0,0,1,0,0,0,0
776,,,,0,0,100,0,0,0,0,0,0,-1,0,0,0,0,0,0,1,0,0,0,0
777,,,,0,0,100,0,0,0,0,0,0,-1,0,0,0,0,0,0,1,0,0,0,0
778,,,,0,0,100,0,0,0,0,0,0,-1,0,0,0,0,0,0,1,0,0,0,0
779,,,,0,0,100,0,0,0,0,0,0,-1,0,0,0,0,0,0,1,0,0,0,0
780,,,,0,0,100,0,0,0,0,0,0,-1,0,0,0,0,0,0,1,0,0,0,0
